Grupp;"Ajatempel (UTC)";Hind
fi;1543615200;43,22
fi;1543618800;43,25
fi;1543622400;42,09
fi;1543626000;41,07
fi;1543629600;42,05
fi;1543633200;43,5
fi;1543636800;43,37
fi;1543640400;42,89
fi;1543644000;45,6
fi;1543647600;46,37
fi;1543651200;47,06
fi;1543654800;47,46
fi;1543658400;47,8
fi;1543662000;47,7
fi;1543665600;47,61
fi;1543669200;47,93
fi;1543672800;48,45
fi;1543676400;48,97
fi;1543680000;48,92
fi;1543683600;48,41
fi;1543687200;46,56
fi;1543690800;45,57
fi;1543694400;45,45
fi;1543698000;43,06
fi;1543701600;38,63
fi;1543705200;43,33
fi;1543708800;42,16
fi;1543712400;41,83
fi;1543716000;40,55
fi;1543719600;41,35
fi;1543723200;41,66
fi;1543726800;42,96
fi;1543730400;43,96
fi;1543734000;44,48
fi;1543737600;45,29
fi;1543741200;46,18
fi;1543744800;46,53
fi;1543748400;46,54
fi;1543752000;46,57
fi;1543755600;46,25
fi;1543759200;46,74
fi;1543762800;47,29
fi;1543766400;47,56
fi;1543770000;47,38
fi;1543773600;46,7
fi;1543777200;45,87
fi;1543780800;45,1
fi;1543784400;43,09
fi;1543788000;39,22
fi;1543791600;43,52
fi;1543795200;41,93
fi;1543798800;40,77
fi;1543802400;40,86
fi;1543806000;42,01
fi;1543809600;45,1
fi;1543813200;48
fi;1543816800;52,38
fi;1543820400;53,97
fi;1543824000;54,17
fi;1543827600;49,58
fi;1543831200;49,3
fi;1543834800;51,96
fi;1543838400;52,49
fi;1543842000;53,45
fi;1543845600;53,93
fi;1543849200;53,9
fi;1543852800;53,01
fi;1543856400;54,06
fi;1543860000;49,67
fi;1543863600;48,93
fi;1543867200;47,56
fi;1543870800;46,03
fi;1543874400;44,71
fi;1543878000;36,22
fi;1543881600;33,14
fi;1543885200;34,68
fi;1543888800;36,08
fi;1543892400;40,82
fi;1543896000;43,79
fi;1543899600;53,45
fi;1543903200;53,88
fi;1543906800;52,55
fi;1543910400;51,92
fi;1543914000;47,95
fi;1543917600;47,9
fi;1543921200;51,78
fi;1543924800;50,46
fi;1543928400;53,05
fi;1543932000;59,12
fi;1543935600;58,78
fi;1543939200;58,68
fi;1543942800;56,71
fi;1543946400;49,03
fi;1543950000;48,25
fi;1543953600;47,49
fi;1543957200;46,24
fi;1543960800;44,93
fi;1543964400;46,01
fi;1543968000;45,82
fi;1543971600;45,94
fi;1543975200;45,81
fi;1543978800;46,01
fi;1543982400;47,3
fi;1543986000;54,35
fi;1543989600;58,36
fi;1543993200;60,6
fi;1543996800;67,42
fi;1544000400;54,57
fi;1544004000;53,06
fi;1544007600;62,8
fi;1544011200;56,21
fi;1544014800;62,78
fi;1544018400;74,62
fi;1544022000;72,78
fi;1544025600;71,25
fi;1544029200;65,06
fi;1544032800;51,29
fi;1544036400;50,63
fi;1544040000;49,21
fi;1544043600;48,57
fi;1544047200;46,54
fi;1544050800;47,23
fi;1544054400;46,28
fi;1544058000;45,87
fi;1544061600;45,45
fi;1544065200;45,49
fi;1544068800;48
fi;1544072400;51,22
fi;1544076000;55,54
fi;1544079600;58,06
fi;1544083200;57,98
fi;1544086800;54,56
fi;1544090400;54,58
fi;1544094000;56,5
fi;1544097600;55,17
fi;1544101200;57,44
fi;1544104800;70,73
fi;1544108400;71,19
fi;1544112000;70,76
fi;1544115600;63,09
fi;1544119200;51,91
fi;1544122800;50,65
fi;1544126400;49,38
fi;1544130000;47,76
fi;1544133600;46,56
fi;1544137200;45,16
fi;1544140800;43,87
fi;1544144400;43,35
fi;1544148000;43,56
fi;1544151600;43,67
fi;1544155200;46,01
fi;1544158800;52,96
fi;1544162400;60
fi;1544166000;60,9
fi;1544169600;61,56
fi;1544173200;53,23
fi;1544176800;52,52
fi;1544180400;60,76
fi;1544184000;60,98
fi;1544187600;61,59
fi;1544191200;63,51
fi;1544194800;66,84
fi;1544198400;66,5
fi;1544202000;60,03
fi;1544205600;49,24
fi;1544209200;46,24
fi;1544212800;46,2
fi;1544216400;44,55
fi;1544220000;42,08
fi;1544223600;43,04
fi;1544227200;40,16
fi;1544230800;39,07
fi;1544234400;38,63
fi;1544238000;38,73
fi;1544241600;40,13
fi;1544245200;43,14
fi;1544248800;44,32
fi;1544252400;45,57
fi;1544256000;46,34
fi;1544259600;46,47
fi;1544263200;46,65
fi;1544266800;46,53
fi;1544270400;46,42
fi;1544274000;46,43
fi;1544277600;46,73
fi;1544281200;47,07
fi;1544284800;47,17
fi;1544288400;46,82
fi;1544292000;46,3
fi;1544295600;44,5
fi;1544299200;41,22
fi;1544302800;40,2
fi;1544306400;39,24
fi;1544310000;37,06
fi;1544313600;36,05
fi;1544317200;33,25
fi;1544320800;30,4
fi;1544324400;24,28
fi;1544328000;25,71
fi;1544331600;37,24
fi;1544335200;40,44
fi;1544338800;43,57
fi;1544342400;44,78
fi;1544346000;45,52
fi;1544349600;45,87
fi;1544353200;45,87
fi;1544356800;45,82
fi;1544360400;45,63
fi;1544364000;46,1
fi;1544367600;46,87
fi;1544371200;46,87
fi;1544374800;46,64
fi;1544378400;46,21
fi;1544382000;45,83
fi;1544385600;43,72
fi;1544389200;41,76
fi;1544392800;38,89
fi;1544396400;40,78
fi;1544400000;37,75
fi;1544403600;37,54
fi;1544407200;38,39
fi;1544410800;41,46
fi;1544414400;47,15
fi;1544418000;52,1
fi;1544421600;60,09
fi;1544425200;61,11
fi;1544428800;61,97
fi;1544432400;54,9
fi;1544436000;54,58
fi;1544439600;61,18
fi;1544443200;60,53
fi;1544446800;60,03
fi;1544450400;62,32
fi;1544454000;62,06
fi;1544457600;59,68
fi;1544461200;58,72
fi;1544464800;54,94
fi;1544468400;48,1
fi;1544472000;46,91
fi;1544475600;45,57
fi;1544479200;44,54
fi;1544482800;44,85
fi;1544486400;43,87
fi;1544490000;43,17
fi;1544493600;43
fi;1544497200;43,96
fi;1544500800;48,9
fi;1544504400;66,3
fi;1544508000;66,31
fi;1544511600;62,33
fi;1544515200;62,82
fi;1544518800;58,04
fi;1544522400;58,04
fi;1544526000;62,84
fi;1544529600;65,32
fi;1544533200;64,99
fi;1544536800;68,29
fi;1544540400;65,47
fi;1544544000;65,39
fi;1544547600;63,96
fi;1544551200;54,9
fi;1544554800;52,52
fi;1544558400;51,01
fi;1544562000;49,45
fi;1544565600;48,41
fi;1544569200;48,82
fi;1544572800;48,09
fi;1544576400;47,83
fi;1544580000;47,82
fi;1544583600;48,36
fi;1544587200;51,04
fi;1544590800;55,32
fi;1544594400;69,62
fi;1544598000;75,62
fi;1544601600;73,66
fi;1544605200;63,16
fi;1544608800;62,32
fi;1544612400;66,06
fi;1544616000;64,04
fi;1544619600;65,04
fi;1544623200;74,94
fi;1544626800;79,55
fi;1544630400;76,4
fi;1544634000;69,99
fi;1544637600;62,83
fi;1544641200;53,57
fi;1544644800;53,48
fi;1544648400;50,92
fi;1544652000;49,22
fi;1544655600;49,57
fi;1544659200;48,77
fi;1544662800;48,16
fi;1544666400;47,86
fi;1544670000;48,24
fi;1544673600;50,08
fi;1544677200;56,05
fi;1544680800;70,04
fi;1544684400;74,66
fi;1544688000;74,08
fi;1544691600;62,41
fi;1544695200;58,46
fi;1544698800;65,46
fi;1544702400;62,9
fi;1544706000;63,03
fi;1544709600;76,1
fi;1544713200;65,69
fi;1544716800;60,93
fi;1544720400;56,21
fi;1544724000;54,31
fi;1544727600;52,81
fi;1544731200;52,69
fi;1544734800;50,74
fi;1544738400;49,65
fi;1544742000;49,69
fi;1544745600;48,83
fi;1544749200;48,39
fi;1544752800;48,69
fi;1544756400;49,49
fi;1544760000;52,98
fi;1544763600;61,27
fi;1544767200;71,99
fi;1544770800;71,94
fi;1544774400;69,88
fi;1544778000;60,06
fi;1544781600;59,05
fi;1544785200;64,45
fi;1544788800;60,48
fi;1544792400;61,75
fi;1544796000;65,9
fi;1544799600;74,93
fi;1544803200;74,92
fi;1544806800;61,27
fi;1544810400;55,92
fi;1544814000;55,1
fi;1544817600;55
fi;1544821200;53,71
fi;1544824800;51,55
fi;1544828400;53,1
fi;1544832000;51,56
fi;1544835600;50,92
fi;1544839200;51,06
fi;1544842800;50,5
fi;1544846400;50,78
fi;1544850000;51,07
fi;1544853600;52,21
fi;1544857200;53,06
fi;1544860800;53,87
fi;1544864400;54,13
fi;1544868000;54,12
fi;1544871600;53,95
fi;1544875200;53,91
fi;1544878800;53,98
fi;1544882400;53,89
fi;1544886000;53,66
fi;1544889600;54,71
fi;1544893200;52,87
fi;1544896800;51,41
fi;1544900400;50,3
fi;1544904000;49,41
fi;1544907600;48,2
fi;1544911200;46,59
fi;1544914800;47,13
fi;1544918400;46,98
fi;1544922000;46,59
fi;1544925600;46,25
fi;1544929200;46,32
fi;1544932800;46,34
fi;1544936400;46,79
fi;1544940000;47,59
fi;1544943600;48,34
fi;1544947200;48,67
fi;1544950800;49,09
fi;1544954400;50,55
fi;1544958000;51,52
fi;1544961600;51,45
fi;1544965200;51,71
fi;1544968800;52,49
fi;1544972400;54,32
fi;1544976000;54,76
fi;1544979600;54,49
fi;1544983200;52,93
fi;1544986800;52,13
fi;1544990400;51,57
fi;1544994000;50,63
fi;1544997600;49,82
fi;1545001200;50,41
fi;1545004800;49,94
fi;1545008400;49,78
fi;1545012000;49,05
fi;1545015600;49,47
fi;1545019200;52,03
fi;1545022800;56,65
fi;1545026400;75,6
fi;1545030000;81,02
fi;1545033600;80,04
fi;1545037200;76,69
fi;1545040800;77,73
fi;1545044400;76,49
fi;1545048000;76,49
fi;1545051600;76,75
fi;1545055200;78,81
fi;1545058800;79,05
fi;1545062400;80,9
fi;1545066000;78,78
fi;1545069600;70,15
fi;1545073200;56,56
fi;1545076800;54,86
fi;1545080400;53,58
fi;1545084000;52,5
fi;1545087600;52,33
fi;1545091200;51,02
fi;1545094800;50,24
fi;1545098400;49,42
fi;1545102000;50,19
fi;1545105600;52,91
fi;1545109200;63,82
fi;1545112800;71,22
fi;1545116400;74,63
fi;1545120000;72,04
fi;1545123600;69,68
fi;1545127200;67,63
fi;1545130800;66,12
fi;1545134400;66,43
fi;1545138000;70,17
fi;1545141600;72,06
fi;1545145200;70,01
fi;1545148800;70,09
fi;1545152400;70,2
fi;1545156000;55,07
fi;1545159600;53,53
fi;1545163200;52,56
fi;1545166800;50,68
fi;1545170400;48,82
fi;1545174000;49,69
fi;1545177600;49,11
fi;1545181200;48,47
fi;1545184800;48,1
fi;1545188400;48,94
fi;1545192000;50,69
fi;1545195600;61,08
fi;1545199200;67
fi;1545202800;64,65
fi;1545206400;65,02
fi;1545210000;56,35
fi;1545213600;56,68
fi;1545217200;66,96
fi;1545220800;67,97
fi;1545224400;66,27
fi;1545228000;66,97
fi;1545231600;68,82
fi;1545235200;68,16
fi;1545238800;65,49
fi;1545242400;55,15
fi;1545246000;54,31
fi;1545249600;53,13
fi;1545253200;51,63
fi;1545256800;50,08
fi;1545260400;47,62
fi;1545264000;48,18
fi;1545267600;48,35
fi;1545271200;47,5
fi;1545274800;48,03
fi;1545278400;51,36
fi;1545282000;62,21
fi;1545285600;66,83
fi;1545289200;68,03
fi;1545292800;68,4
fi;1545296400;59,95
fi;1545300000;59,95
fi;1545303600;66,86
fi;1545307200;66,89
fi;1545310800;68,71
fi;1545314400;70,59
fi;1545318000;69,02
fi;1545321600;69,03
fi;1545325200;67,51
fi;1545328800;59,98
fi;1545332400;52,24
fi;1545336000;51,33
fi;1545339600;50
fi;1545343200;48,12
fi;1545346800;47,27
fi;1545350400;46,52
fi;1545354000;45,73
fi;1545357600;46,15
fi;1545361200;46,59
fi;1545364800;50,21
fi;1545368400;57,49
fi;1545372000;65,99
fi;1545375600;66
fi;1545379200;66,67
fi;1545382800;57,26
fi;1545386400;56,21
fi;1545390000;66,2
fi;1545393600;66,01
fi;1545397200;66,05
fi;1545400800;67,03
fi;1545404400;66,72
fi;1545408000;66,04
fi;1545411600;64,14
fi;1545415200;52,76
fi;1545418800;52,03
fi;1545422400;51,43
fi;1545426000;50,07
fi;1545429600;49,01
fi;1545433200;46,32
fi;1545436800;45,51
fi;1545440400;45,33
fi;1545444000;45,3
fi;1545447600;46,54
fi;1545451200;47,9
fi;1545454800;48,42
fi;1545458400;49,44
fi;1545462000;50,29
fi;1545465600;51,52
fi;1545469200;52,56
fi;1545472800;53,08
fi;1545476400;52,99
fi;1545480000;53,13
fi;1545483600;52,93
fi;1545487200;53,78
fi;1545490800;55,04
fi;1545494400;56,52
fi;1545498000;57,07
fi;1545501600;55,29
fi;1545505200;53,07
fi;1545508800;52,07
fi;1545512400;51,09
fi;1545516000;50,47
fi;1545519600;51,49
fi;1545523200;50,83
fi;1545526800;50,74
fi;1545530400;50,14
fi;1545534000;49,94
fi;1545537600;50,46
fi;1545541200;50,88
fi;1545544800;51,37
fi;1545548400;51,61
fi;1545552000;52,22
fi;1545555600;52,8
fi;1545559200;53
fi;1545562800;53,11
fi;1545566400;52,93
fi;1545570000;52,93
fi;1545573600;53,75
fi;1545577200;55,99
fi;1545580800;61,2
fi;1545584400;61,2
fi;1545588000;57,42
fi;1545591600;55,61
fi;1545595200;53,99
fi;1545598800;53,86
fi;1545602400;52,32
fi;1545606000;51,29
fi;1545609600;50,31
fi;1545613200;49,1
fi;1545616800;48,76
fi;1545620400;48,43
fi;1545624000;49,71
fi;1545627600;50,02
fi;1545631200;50,56
fi;1545634800;52,33
fi;1545638400;53,39
fi;1545642000;53,1
fi;1545645600;52,88
fi;1545649200;52,97
fi;1545652800;52,46
fi;1545656400;52,44
fi;1545660000;52,9
fi;1545663600;53,24
fi;1545667200;52,61
fi;1545670800;51,31
fi;1545674400;50,74
fi;1545678000;49,76
fi;1545681600;48,53
fi;1545685200;48,38
fi;1545688800;46,4
fi;1545692400;43,48
fi;1545696000;41,27
fi;1545699600;38,03
fi;1545703200;35,21
fi;1545706800;35,08
fi;1545710400;42,99
fi;1545714000;45,68
fi;1545717600;46,46
fi;1545721200;46,5
fi;1545724800;46,31
fi;1545728400;40,57
fi;1545732000;42,26
fi;1545735600;46,76
fi;1545739200;46
fi;1545742800;46,3
fi;1545746400;47
fi;1545750000;46,67
fi;1545753600;46,26
fi;1545757200;45,26
fi;1545760800;42,74
fi;1545764400;42,53
fi;1545768000;38,68
fi;1545771600;39,94
fi;1545775200;27,4
fi;1545778800;25,04
fi;1545782400;24,57
fi;1545786000;21,71
fi;1545789600;23,68
fi;1545793200;20,99
fi;1545796800;28,51
fi;1545800400;35,7
fi;1545804000;46,48
fi;1545807600;49,35
fi;1545811200;50,97
fi;1545814800;50,85
fi;1545818400;51,19
fi;1545822000;51,74
fi;1545825600;51,81
fi;1545829200;51,33
fi;1545832800;51,92
fi;1545836400;52,58
fi;1545840000;52,53
fi;1545843600;52,36
fi;1545847200;50,99
fi;1545850800;50,23
fi;1545854400;49,73
fi;1545858000;49,21
fi;1545861600;48,03
fi;1545865200;47,41
fi;1545868800;47,1
fi;1545872400;46,74
fi;1545876000;45,03
fi;1545879600;46,02
fi;1545883200;49,74
fi;1545886800;51,03
fi;1545890400;52,58
fi;1545894000;52,77
fi;1545897600;53,39
fi;1545901200;53,4
fi;1545904800;53,24
fi;1545908400;53,44
fi;1545912000;53,25
fi;1545915600;56,01
fi;1545919200;56,06
fi;1545922800;58,66
fi;1545926400;57,96
fi;1545930000;58,07
fi;1545933600;52,9
fi;1545937200;52,09
fi;1545940800;51,22
fi;1545944400;50,1
fi;1545948000;48,98
fi;1545951600;50,04
fi;1545955200;49,42
fi;1545958800;49,19
fi;1545962400;48,51
fi;1545966000;48,07
fi;1545969600;50,12
fi;1545973200;51,72
fi;1545976800;52,95
fi;1545980400;54,37
fi;1545984000;55,21
fi;1545987600;55,23
fi;1545991200;55,21
fi;1545994800;57,06
fi;1545998400;59,95
fi;1546002000;60,71
fi;1546005600;63,56
fi;1546009200;65,08
fi;1546012800;65,33
fi;1546016400;63,6
fi;1546020000;55,25
fi;1546023600;53,1
fi;1546027200;52,4
fi;1546030800;51,48
fi;1546034400;50,18
fi;1546038000;51,08
fi;1546041600;49,87
fi;1546045200;48,9
fi;1546048800;47,15
fi;1546052400;46,79
fi;1546056000;47,21
fi;1546059600;48,01
fi;1546063200;50,02
fi;1546066800;51,12
fi;1546070400;52
fi;1546074000;51,73
fi;1546077600;51,74
fi;1546081200;52,09
fi;1546084800;51,98
fi;1546088400;51,14
fi;1546092000;50,79
fi;1546095600;51,5
fi;1546099200;52,67
fi;1546102800;52
fi;1546106400;50,79
fi;1546110000;49,22
fi;1546113600;48
fi;1546117200;46,47
fi;1546120800;44,45
fi;1546124400;48,68
fi;1546128000;48,05
fi;1546131600;47,99
fi;1546135200;48,03
fi;1546138800;48,43
fi;1546142400;48,76
fi;1546146000;49,48
fi;1546149600;49,84
fi;1546153200;49,85
fi;1546156800;49,46
fi;1546160400;50,23
fi;1546164000;51,16
fi;1546167600;51,16
fi;1546171200;50,14
fi;1546174800;50,05
fi;1546178400;51,09
fi;1546182000;52,34
fi;1546185600;54,39
fi;1546189200;55,13
fi;1546192800;55
fi;1546196400;53,98
fi;1546200000;52,98
fi;1546203600;52,99
fi;1546207200;51,98
fi;1546210800;49,85
fi;1546214400;49,13
fi;1546218000;48,28
fi;1546221600;45,92
fi;1546225200;45,47
fi;1546228800;47,11
fi;1546232400;49,12
fi;1546236000;49,8
fi;1546239600;49,74
fi;1546243200;50,06
fi;1546246800;50,76
fi;1546250400;50,85
fi;1546254000;50,09
fi;1546257600;49,97
fi;1546261200;49,96
fi;1546264800;50,51
fi;1546268400;50,83
fi;1546272000;50,11
fi;1546275600;49,35
fi;1546279200;47,51
fi;1546282800;45,82
fi;1546286400;43,03
fi;1546290000;38,54
lv;1543615200;43,22
lv;1543618800;43,25
lv;1543622400;42,09
lv;1543626000;41,07
lv;1543629600;42,05
lv;1543633200;43,5
lv;1543636800;43,37
lv;1543640400;42,89
lv;1543644000;45,6
lv;1543647600;46,37
lv;1543651200;47,14
lv;1543654800;47,46
lv;1543658400;55,74
lv;1543662000;55,74
lv;1543665600;47,61
lv;1543669200;52,23
lv;1543672800;58,36
lv;1543676400;60,45
lv;1543680000;57,11
lv;1543683600;51,56
lv;1543687200;47,18
lv;1543690800;45,57
lv;1543694400;45,45
lv;1543698000;43,06
lv;1543701600;38,63
lv;1543705200;43,33
lv;1543708800;42,16
lv;1543712400;41,83
lv;1543716000;40,55
lv;1543719600;41,35
lv;1543723200;41,66
lv;1543726800;42,96
lv;1543730400;43,96
lv;1543734000;44,48
lv;1543737600;45,29
lv;1543741200;46,18
lv;1543744800;51,68
lv;1543748400;50,17
lv;1543752000;46,91
lv;1543755600;46,25
lv;1543759200;46,74
lv;1543762800;58,19
lv;1543766400;53,69
lv;1543770000;48,12
lv;1543773600;46,7
lv;1543777200;45,87
lv;1543780800;45,1
lv;1543784400;43,09
lv;1543788000;39,22
lv;1543791600;43,52
lv;1543795200;41,93
lv;1543798800;40,77
lv;1543802400;40,86
lv;1543806000;42,01
lv;1543809600;45,1
lv;1543813200;48
lv;1543816800;52,38
lv;1543820400;58,94
lv;1543824000;60,26
lv;1543827600;60,82
lv;1543831200;65,03
lv;1543834800;68,58
lv;1543838400;67,47
lv;1543842000;65,26
lv;1543845600;68,59
lv;1543849200;67,48
lv;1543852800;67,04
lv;1543856400;62,04
lv;1543860000;59,48
lv;1543863600;48,93
lv;1543867200;47,56
lv;1543870800;46,03
lv;1543874400;44,71
lv;1543878000;36,22
lv;1543881600;33,14
lv;1543885200;34,68
lv;1543888800;36,08
lv;1543892400;40,82
lv;1543896000;43,79
lv;1543899600;53,45
lv;1543903200;74,68
lv;1543906800;74,63
lv;1543910400;74,61
lv;1543914000;62,09
lv;1543917600;62,04
lv;1543921200;62,07
lv;1543924800;62,06
lv;1543928400;62,07
lv;1543932000;62,04
lv;1543935600;69,99
lv;1543939200;68,53
lv;1543942800;62,06
lv;1543946400;56,08
lv;1543950000;48,87
lv;1543953600;47,49
lv;1543957200;46,24
lv;1543960800;44,93
lv;1543964400;46,01
lv;1543968000;45,82
lv;1543971600;45,94
lv;1543975200;45,81
lv;1543978800;46,01
lv;1543982400;47,3
lv;1543986000;54,35
lv;1543989600;58,36
lv;1543993200;60,6
lv;1543996800;67,42
lv;1544000400;66,08
lv;1544004000;66,02
lv;1544007600;73,7
lv;1544011200;74,61
lv;1544014800;70,83
lv;1544018400;74,62
lv;1544022000;75,44
lv;1544025600;75,45
lv;1544029200;68,77
lv;1544032800;68,73
lv;1544036400;60,49
lv;1544040000;49,21
lv;1544043600;48,57
lv;1544047200;46,54
lv;1544050800;47,23
lv;1544054400;46,28
lv;1544058000;45,87
lv;1544061600;45,45
lv;1544065200;45,49
lv;1544068800;48
lv;1544072400;51,22
lv;1544076000;58,89
lv;1544079600;61,77
lv;1544083200;68,24
lv;1544086800;68,57
lv;1544090400;68,64
lv;1544094000;68,8
lv;1544097600;68,77
lv;1544101200;68,69
lv;1544104800;70,73
lv;1544108400;71,19
lv;1544112000;70,76
lv;1544115600;63,09
lv;1544119200;60,46
lv;1544122800;54,07
lv;1544126400;49,38
lv;1544130000;47,76
lv;1544133600;46,56
lv;1544137200;45,16
lv;1544140800;43,87
lv;1544144400;43,35
lv;1544148000;43,56
lv;1544151600;43,67
lv;1544155200;46,01
lv;1544158800;52,96
lv;1544162400;60
lv;1544166000;60,9
lv;1544169600;61,56
lv;1544173200;58,16
lv;1544176800;57,51
lv;1544180400;60,76
lv;1544184000;60,98
lv;1544187600;61,59
lv;1544191200;63,51
lv;1544194800;66,84
lv;1544198400;66,5
lv;1544202000;60,03
lv;1544205600;54,37
lv;1544209200;51,16
lv;1544212800;46,2
lv;1544216400;44,55
lv;1544220000;42,08
lv;1544223600;43,04
lv;1544227200;40,16
lv;1544230800;39,07
lv;1544234400;38,63
lv;1544238000;38,73
lv;1544241600;40,13
lv;1544245200;43,14
lv;1544248800;44,32
lv;1544252400;45,57
lv;1544256000;46,34
lv;1544259600;48,83
lv;1544263200;50,65
lv;1544266800;48,85
lv;1544270400;47,36
lv;1544274000;46,43
lv;1544277600;48,8
lv;1544281200;51,75
lv;1544284800;50,9
lv;1544288400;46,82
lv;1544292000;46,3
lv;1544295600;44,5
lv;1544299200;41,22
lv;1544302800;40,2
lv;1544306400;39,24
lv;1544310000;37,06
lv;1544313600;36,05
lv;1544317200;33,25
lv;1544320800;30,4
lv;1544324400;24,28
lv;1544328000;25,71
lv;1544331600;37,24
lv;1544335200;40,44
lv;1544338800;43,57
lv;1544342400;44,78
lv;1544346000;45,52
lv;1544349600;45,87
lv;1544353200;45,87
lv;1544356800;45,82
lv;1544360400;45,63
lv;1544364000;46,1
lv;1544367600;46,87
lv;1544371200;46,87
lv;1544374800;46,64
lv;1544378400;46,21
lv;1544382000;45,83
lv;1544385600;43,72
lv;1544389200;41,76
lv;1544392800;38,89
lv;1544396400;40,78
lv;1544400000;37,75
lv;1544403600;37,54
lv;1544407200;38,39
lv;1544410800;41,46
lv;1544414400;47,15
lv;1544418000;52,1
lv;1544421600;60,09
lv;1544425200;61,11
lv;1544428800;61,97
lv;1544432400;54,9
lv;1544436000;54,58
lv;1544439600;61,18
lv;1544443200;60,53
lv;1544446800;60,03
lv;1544450400;62,32
lv;1544454000;62,06
lv;1544457600;59,68
lv;1544461200;58,72
lv;1544464800;55,88
lv;1544468400;49,75
lv;1544472000;46,91
lv;1544475600;45,57
lv;1544479200;44,54
lv;1544482800;44,85
lv;1544486400;43,87
lv;1544490000;43,17
lv;1544493600;43
lv;1544497200;43,96
lv;1544500800;48,9
lv;1544504400;66,3
lv;1544508000;66,31
lv;1544511600;62,33
lv;1544515200;62,82
lv;1544518800;58,04
lv;1544522400;58,04
lv;1544526000;62,84
lv;1544529600;65,32
lv;1544533200;64,99
lv;1544536800;68,29
lv;1544540400;65,47
lv;1544544000;65,39
lv;1544547600;63,96
lv;1544551200;58,03
lv;1544554800;52,52
lv;1544558400;51,01
lv;1544562000;49,45
lv;1544565600;48,41
lv;1544569200;48,82
lv;1544572800;48,09
lv;1544576400;47,83
lv;1544580000;47,82
lv;1544583600;48,36
lv;1544587200;51,04
lv;1544590800;55,32
lv;1544594400;69,62
lv;1544598000;75,62
lv;1544601600;73,66
lv;1544605200;63,16
lv;1544608800;62,32
lv;1544612400;66,06
lv;1544616000;64,04
lv;1544619600;65,04
lv;1544623200;74,94
lv;1544626800;79,55
lv;1544630400;76,4
lv;1544634000;69,99
lv;1544637600;62,83
lv;1544641200;53,57
lv;1544644800;53,48
lv;1544648400;50,92
lv;1544652000;49,22
lv;1544655600;49,57
lv;1544659200;48,77
lv;1544662800;48,16
lv;1544666400;47,86
lv;1544670000;48,24
lv;1544673600;50,08
lv;1544677200;56,05
lv;1544680800;70,04
lv;1544684400;74,66
lv;1544688000;74,08
lv;1544691600;62,41
lv;1544695200;58,46
lv;1544698800;65,46
lv;1544702400;62,9
lv;1544706000;63,03
lv;1544709600;76,1
lv;1544713200;65,69
lv;1544716800;68
lv;1544720400;75,38
lv;1544724000;61,39
lv;1544727600;52,81
lv;1544731200;52,69
lv;1544734800;50,74
lv;1544738400;49,65
lv;1544742000;49,69
lv;1544745600;48,83
lv;1544749200;48,39
lv;1544752800;48,69
lv;1544756400;49,49
lv;1544760000;52,98
lv;1544763600;63,42
lv;1544767200;74,93
lv;1544770800;74,92
lv;1544774400;74,91
lv;1544778000;74,95
lv;1544781600;74,91
lv;1544785200;74,92
lv;1544788800;74,92
lv;1544792400;74,91
lv;1544796000;74,91
lv;1544799600;74,93
lv;1544803200;74,92
lv;1544806800;74,91
lv;1544810400;73,84
lv;1544814000;55,1
lv;1544817600;55
lv;1544821200;53,71
lv;1544824800;51,55
lv;1544828400;53,1
lv;1544832000;51,56
lv;1544835600;50,92
lv;1544839200;51,06
lv;1544842800;50,5
lv;1544846400;50,78
lv;1544850000;51,07
lv;1544853600;52,21
lv;1544857200;53,45
lv;1544860800;66,76
lv;1544864400;65,38
lv;1544868000;67,27
lv;1544871600;63,39
lv;1544875200;58,71
lv;1544878800;57,11
lv;1544882400;58,86
lv;1544886000;62,96
lv;1544889600;62,01
lv;1544893200;52,87
lv;1544896800;51,41
lv;1544900400;50,3
lv;1544904000;49,41
lv;1544907600;48,2
lv;1544911200;46,59
lv;1544914800;47,13
lv;1544918400;46,98
lv;1544922000;46,59
lv;1544925600;46,25
lv;1544929200;46,32
lv;1544932800;46,34
lv;1544936400;46,79
lv;1544940000;47,59
lv;1544943600;48,34
lv;1544947200;48,67
lv;1544950800;49,09
lv;1544954400;50,55
lv;1544958000;51,52
lv;1544961600;51,45
lv;1544965200;51,71
lv;1544968800;52,49
lv;1544972400;55,2
lv;1544976000;57,08
lv;1544979600;58,25
lv;1544983200;52,93
lv;1544986800;52,13
lv;1544990400;51,57
lv;1544994000;50,63
lv;1544997600;49,82
lv;1545001200;50,41
lv;1545004800;49,94
lv;1545008400;49,78
lv;1545012000;49,05
lv;1545015600;49,47
lv;1545019200;52,03
lv;1545022800;60,68
lv;1545026400;75,6
lv;1545030000;81,02
lv;1545033600;80,04
lv;1545037200;76,69
lv;1545040800;77,73
lv;1545044400;76,49
lv;1545048000;76,49
lv;1545051600;76,75
lv;1545055200;78,81
lv;1545058800;79,05
lv;1545062400;80,9
lv;1545066000;78,78
lv;1545069600;70,15
lv;1545073200;56,56
lv;1545076800;54,86
lv;1545080400;53,58
lv;1545084000;52,5
lv;1545087600;52,33
lv;1545091200;51,02
lv;1545094800;50,24
lv;1545098400;49,42
lv;1545102000;50,19
lv;1545105600;52,91
lv;1545109200;63,82
lv;1545112800;71,22
lv;1545116400;74,63
lv;1545120000;72,04
lv;1545123600;69,68
lv;1545127200;67,63
lv;1545130800;66,12
lv;1545134400;66,43
lv;1545138000;70,17
lv;1545141600;72,06
lv;1545145200;70,01
lv;1545148800;70,09
lv;1545152400;70,2
lv;1545156000;55,07
lv;1545159600;53,53
lv;1545163200;52,56
lv;1545166800;50,68
lv;1545170400;48,82
lv;1545174000;49,69
lv;1545177600;49,11
lv;1545181200;48,47
lv;1545184800;48,1
lv;1545188400;48,94
lv;1545192000;50,69
lv;1545195600;61,08
lv;1545199200;67
lv;1545202800;68,26
lv;1545206400;70,81
lv;1545210000;69,16
lv;1545213600;65,89
lv;1545217200;66,96
lv;1545220800;67,97
lv;1545224400;66,27
lv;1545228000;66,97
lv;1545231600;68,82
lv;1545235200;68,16
lv;1545238800;65,49
lv;1545242400;64,07
lv;1545246000;54,31
lv;1545249600;53,13
lv;1545253200;51,63
lv;1545256800;50,08
lv;1545260400;47,62
lv;1545264000;48,18
lv;1545267600;48,35
lv;1545271200;47,5
lv;1545274800;48,03
lv;1545278400;51,36
lv;1545282000;62,21
lv;1545285600;66,83
lv;1545289200;68,03
lv;1545292800;68,4
lv;1545296400;66,6
lv;1545300000;66,53
lv;1545303600;66,86
lv;1545307200;66,89
lv;1545310800;68,71
lv;1545314400;70,59
lv;1545318000;69,02
lv;1545321600;69,03
lv;1545325200;67,51
lv;1545328800;66,8
lv;1545332400;52,24
lv;1545336000;51,33
lv;1545339600;50
lv;1545343200;48,12
lv;1545346800;47,27
lv;1545350400;46,52
lv;1545354000;45,73
lv;1545357600;46,15
lv;1545361200;46,59
lv;1545364800;50,21
lv;1545368400;57,49
lv;1545372000;65,99
lv;1545375600;66
lv;1545379200;66,67
lv;1545382800;67,31
lv;1545386400;66,37
lv;1545390000;66,2
lv;1545393600;66,01
lv;1545397200;66,05
lv;1545400800;67,03
lv;1545404400;66,72
lv;1545408000;66,04
lv;1545411600;64,14
lv;1545415200;59,51
lv;1545418800;52,03
lv;1545422400;51,43
lv;1545426000;50,07
lv;1545429600;49,01
lv;1545433200;46,32
lv;1545436800;45,51
lv;1545440400;45,33
lv;1545444000;45,3
lv;1545447600;46,54
lv;1545451200;47,9
lv;1545454800;48,42
lv;1545458400;49,44
lv;1545462000;50,29
lv;1545465600;51,52
lv;1545469200;52,56
lv;1545472800;53,08
lv;1545476400;52,99
lv;1545480000;53,13
lv;1545483600;52,93
lv;1545487200;53,78
lv;1545490800;55,04
lv;1545494400;56,52
lv;1545498000;57,07
lv;1545501600;55,29
lv;1545505200;53,07
lv;1545508800;52,07
lv;1545512400;51,09
lv;1545516000;50,47
lv;1545519600;51,49
lv;1545523200;50,83
lv;1545526800;50,74
lv;1545530400;50,14
lv;1545534000;49,94
lv;1545537600;50,46
lv;1545541200;50,88
lv;1545544800;51,37
lv;1545548400;51,61
lv;1545552000;52,22
lv;1545555600;52,8
lv;1545559200;53
lv;1545562800;53,11
lv;1545566400;52,93
lv;1545570000;52,93
lv;1545573600;53,75
lv;1545577200;55,99
lv;1545580800;61,2
lv;1545584400;61,2
lv;1545588000;57,42
lv;1545591600;55,61
lv;1545595200;53,99
lv;1545598800;53,86
lv;1545602400;52,32
lv;1545606000;51,29
lv;1545609600;50,31
lv;1545613200;49,1
lv;1545616800;48,76
lv;1545620400;48,43
lv;1545624000;49,71
lv;1545627600;50,02
lv;1545631200;50,56
lv;1545634800;52,33
lv;1545638400;53,39
lv;1545642000;53,1
lv;1545645600;52,88
lv;1545649200;52,97
lv;1545652800;52,46
lv;1545656400;52,44
lv;1545660000;52,9
lv;1545663600;53,24
lv;1545667200;52,61
lv;1545670800;51,31
lv;1545674400;50,74
lv;1545678000;49,76
lv;1545681600;48,53
lv;1545685200;48,38
lv;1545688800;46,4
lv;1545692400;43,48
lv;1545696000;41,27
lv;1545699600;38,03
lv;1545703200;35,21
lv;1545706800;35,08
lv;1545710400;42,99
lv;1545714000;45,68
lv;1545717600;46,46
lv;1545721200;46,5
lv;1545724800;46,31
lv;1545728400;40,57
lv;1545732000;42,26
lv;1545735600;46,76
lv;1545739200;46
lv;1545742800;46,3
lv;1545746400;47
lv;1545750000;46,67
lv;1545753600;46,26
lv;1545757200;45,26
lv;1545760800;42,74
lv;1545764400;42,53
lv;1545768000;38,68
lv;1545771600;39,94
lv;1545775200;27,4
lv;1545778800;25,04
lv;1545782400;24,57
lv;1545786000;21,71
lv;1545789600;23,68
lv;1545793200;20,99
lv;1545796800;28,51
lv;1545800400;35,7
lv;1545804000;46,48
lv;1545807600;49,35
lv;1545811200;50,97
lv;1545814800;50,85
lv;1545818400;51,19
lv;1545822000;51,74
lv;1545825600;51,81
lv;1545829200;51,33
lv;1545832800;51,92
lv;1545836400;52,58
lv;1545840000;52,53
lv;1545843600;52,36
lv;1545847200;50,99
lv;1545850800;50,23
lv;1545854400;49,73
lv;1545858000;49,21
lv;1545861600;48,03
lv;1545865200;47,41
lv;1545868800;47,1
lv;1545872400;46,74
lv;1545876000;45,03
lv;1545879600;46,02
lv;1545883200;49,74
lv;1545886800;51,03
lv;1545890400;52,58
lv;1545894000;52,77
lv;1545897600;53,81
lv;1545901200;54,42
lv;1545904800;54,53
lv;1545908400;54,93
lv;1545912000;55,88
lv;1545915600;56,01
lv;1545919200;56,06
lv;1545922800;58,66
lv;1545926400;59,81
lv;1545930000;58,07
lv;1545933600;56,15
lv;1545937200;52,09
lv;1545940800;51,22
lv;1545944400;50,1
lv;1545948000;48,98
lv;1545951600;50,04
lv;1545955200;49,42
lv;1545958800;49,19
lv;1545962400;48,51
lv;1545966000;48,07
lv;1545969600;50,12
lv;1545973200;51,72
lv;1545976800;52,95
lv;1545980400;54,37
lv;1545984000;55,21
lv;1545987600;55,23
lv;1545991200;55,21
lv;1545994800;57,06
lv;1545998400;59,95
lv;1546002000;60,71
lv;1546005600;63,56
lv;1546009200;65,08
lv;1546012800;65,33
lv;1546016400;63,6
lv;1546020000;60,75
lv;1546023600;53,1
lv;1546027200;52,4
lv;1546030800;51,48
lv;1546034400;50,18
lv;1546038000;51,08
lv;1546041600;49,87
lv;1546045200;48,9
lv;1546048800;47,15
lv;1546052400;46,79
lv;1546056000;47,21
lv;1546059600;48,01
lv;1546063200;50,02
lv;1546066800;51,12
lv;1546070400;52
lv;1546074000;51,73
lv;1546077600;51,74
lv;1546081200;52,09
lv;1546084800;51,98
lv;1546088400;51,14
lv;1546092000;50,79
lv;1546095600;52,02
lv;1546099200;52,67
lv;1546102800;52
lv;1546106400;50,79
lv;1546110000;49,22
lv;1546113600;48
lv;1546117200;46,47
lv;1546120800;44,45
lv;1546124400;48,68
lv;1546128000;48,05
lv;1546131600;47,99
lv;1546135200;48,03
lv;1546138800;48,43
lv;1546142400;48,76
lv;1546146000;49,48
lv;1546149600;49,84
lv;1546153200;49,85
lv;1546156800;49,46
lv;1546160400;50,23
lv;1546164000;51,16
lv;1546167600;51,16
lv;1546171200;50,14
lv;1546174800;50,05
lv;1546178400;51,09
lv;1546182000;52,34
lv;1546185600;54,39
lv;1546189200;55,13
lv;1546192800;55
lv;1546196400;53,98
lv;1546200000;52,98
lv;1546203600;52,99
lv;1546207200;51,98
lv;1546210800;49,85
lv;1546214400;49,13
lv;1546218000;48,28
lv;1546221600;45,92
lv;1546225200;45,47
lv;1546228800;47,11
lv;1546232400;49,12
lv;1546236000;49,8
lv;1546239600;49,74
lv;1546243200;50,06
lv;1546246800;50,76
lv;1546250400;50,85
lv;1546254000;50,09
lv;1546257600;49,97
lv;1546261200;49,96
lv;1546264800;50,51
lv;1546268400;50,83
lv;1546272000;50,11
lv;1546275600;49,35
lv;1546279200;47,51
lv;1546282800;45,82
lv;1546286400;43,03
lv;1546290000;38,54
ee;1543615200;43,22
ee;1543618800;43,25
ee;1543622400;42,09
ee;1543626000;41,07
ee;1543629600;42,05
ee;1543633200;43,5
ee;1543636800;43,37
ee;1543640400;42,89
ee;1543644000;45,6
ee;1543647600;46,37
ee;1543651200;47,14
ee;1543654800;47,46
ee;1543658400;55,74
ee;1543662000;55,74
ee;1543665600;47,61
ee;1543669200;52,23
ee;1543672800;58,36
ee;1543676400;60,45
ee;1543680000;57,11
ee;1543683600;51,56
ee;1543687200;47,18
ee;1543690800;45,57
ee;1543694400;45,45
ee;1543698000;43,06
ee;1543701600;38,63
ee;1543705200;43,33
ee;1543708800;42,16
ee;1543712400;41,83
ee;1543716000;40,55
ee;1543719600;41,35
ee;1543723200;41,66
ee;1543726800;42,96
ee;1543730400;43,96
ee;1543734000;44,48
ee;1543737600;45,29
ee;1543741200;46,18
ee;1543744800;51,68
ee;1543748400;50,17
ee;1543752000;46,91
ee;1543755600;46,25
ee;1543759200;46,74
ee;1543762800;58,19
ee;1543766400;53,69
ee;1543770000;48,12
ee;1543773600;46,7
ee;1543777200;45,87
ee;1543780800;45,1
ee;1543784400;43,09
ee;1543788000;39,22
ee;1543791600;43,52
ee;1543795200;41,93
ee;1543798800;40,77
ee;1543802400;40,86
ee;1543806000;42,01
ee;1543809600;45,1
ee;1543813200;48
ee;1543816800;52,38
ee;1543820400;58,94
ee;1543824000;60,26
ee;1543827600;60,82
ee;1543831200;65,03
ee;1543834800;68,58
ee;1543838400;67,47
ee;1543842000;65,26
ee;1543845600;68,59
ee;1543849200;67,48
ee;1543852800;67,04
ee;1543856400;62,04
ee;1543860000;59,48
ee;1543863600;48,93
ee;1543867200;47,56
ee;1543870800;46,03
ee;1543874400;44,71
ee;1543878000;36,22
ee;1543881600;33,14
ee;1543885200;34,68
ee;1543888800;36,08
ee;1543892400;40,82
ee;1543896000;43,79
ee;1543899600;53,45
ee;1543903200;74,68
ee;1543906800;74,63
ee;1543910400;74,61
ee;1543914000;62,09
ee;1543917600;62,04
ee;1543921200;62,07
ee;1543924800;62,06
ee;1543928400;62,07
ee;1543932000;62,04
ee;1543935600;69,99
ee;1543939200;68,53
ee;1543942800;62,06
ee;1543946400;56,08
ee;1543950000;48,87
ee;1543953600;47,49
ee;1543957200;46,24
ee;1543960800;44,93
ee;1543964400;46,01
ee;1543968000;45,82
ee;1543971600;45,94
ee;1543975200;45,81
ee;1543978800;46,01
ee;1543982400;47,3
ee;1543986000;54,35
ee;1543989600;58,36
ee;1543993200;60,6
ee;1543996800;67,42
ee;1544000400;54,57
ee;1544004000;53,06
ee;1544007600;62,8
ee;1544011200;56,21
ee;1544014800;62,78
ee;1544018400;74,62
ee;1544022000;72,78
ee;1544025600;71,25
ee;1544029200;65,06
ee;1544032800;51,29
ee;1544036400;50,63
ee;1544040000;49,21
ee;1544043600;48,57
ee;1544047200;46,54
ee;1544050800;47,23
ee;1544054400;46,28
ee;1544058000;45,87
ee;1544061600;45,45
ee;1544065200;45,49
ee;1544068800;48
ee;1544072400;51,22
ee;1544076000;58,89
ee;1544079600;61,77
ee;1544083200;68,24
ee;1544086800;68,57
ee;1544090400;68,64
ee;1544094000;68,8
ee;1544097600;68,77
ee;1544101200;68,69
ee;1544104800;70,73
ee;1544108400;71,19
ee;1544112000;70,76
ee;1544115600;63,09
ee;1544119200;60,46
ee;1544122800;54,07
ee;1544126400;49,38
ee;1544130000;47,76
ee;1544133600;46,56
ee;1544137200;45,16
ee;1544140800;43,87
ee;1544144400;43,35
ee;1544148000;43,56
ee;1544151600;43,67
ee;1544155200;46,01
ee;1544158800;52,96
ee;1544162400;60
ee;1544166000;60,9
ee;1544169600;61,56
ee;1544173200;53,23
ee;1544176800;52,52
ee;1544180400;60,76
ee;1544184000;60,98
ee;1544187600;61,59
ee;1544191200;63,51
ee;1544194800;66,84
ee;1544198400;66,5
ee;1544202000;60,03
ee;1544205600;49,24
ee;1544209200;46,24
ee;1544212800;46,2
ee;1544216400;44,55
ee;1544220000;42,08
ee;1544223600;43,04
ee;1544227200;40,16
ee;1544230800;39,07
ee;1544234400;38,63
ee;1544238000;38,73
ee;1544241600;40,13
ee;1544245200;43,14
ee;1544248800;44,32
ee;1544252400;45,57
ee;1544256000;46,34
ee;1544259600;48,83
ee;1544263200;50,65
ee;1544266800;48,85
ee;1544270400;47,36
ee;1544274000;46,43
ee;1544277600;48,8
ee;1544281200;51,75
ee;1544284800;50,9
ee;1544288400;46,82
ee;1544292000;46,3
ee;1544295600;44,5
ee;1544299200;41,22
ee;1544302800;40,2
ee;1544306400;39,24
ee;1544310000;37,06
ee;1544313600;36,05
ee;1544317200;33,25
ee;1544320800;30,4
ee;1544324400;24,28
ee;1544328000;25,71
ee;1544331600;37,24
ee;1544335200;40,44
ee;1544338800;43,57
ee;1544342400;44,78
ee;1544346000;45,52
ee;1544349600;45,87
ee;1544353200;45,87
ee;1544356800;45,82
ee;1544360400;45,63
ee;1544364000;46,1
ee;1544367600;46,87
ee;1544371200;46,87
ee;1544374800;46,64
ee;1544378400;46,21
ee;1544382000;45,83
ee;1544385600;43,72
ee;1544389200;41,76
ee;1544392800;38,89
ee;1544396400;40,78
ee;1544400000;37,75
ee;1544403600;37,54
ee;1544407200;38,39
ee;1544410800;41,46
ee;1544414400;47,15
ee;1544418000;52,1
ee;1544421600;60,09
ee;1544425200;61,11
ee;1544428800;61,97
ee;1544432400;54,9
ee;1544436000;54,58
ee;1544439600;61,18
ee;1544443200;60,53
ee;1544446800;60,03
ee;1544450400;62,32
ee;1544454000;62,06
ee;1544457600;59,68
ee;1544461200;58,72
ee;1544464800;55,88
ee;1544468400;49,75
ee;1544472000;46,91
ee;1544475600;45,57
ee;1544479200;44,54
ee;1544482800;44,85
ee;1544486400;43,87
ee;1544490000;43,17
ee;1544493600;43
ee;1544497200;43,96
ee;1544500800;48,9
ee;1544504400;66,3
ee;1544508000;66,31
ee;1544511600;62,33
ee;1544515200;62,82
ee;1544518800;58,04
ee;1544522400;58,04
ee;1544526000;62,84
ee;1544529600;65,32
ee;1544533200;64,99
ee;1544536800;68,29
ee;1544540400;65,47
ee;1544544000;65,39
ee;1544547600;63,96
ee;1544551200;54,9
ee;1544554800;52,52
ee;1544558400;51,01
ee;1544562000;49,45
ee;1544565600;48,41
ee;1544569200;48,82
ee;1544572800;48,09
ee;1544576400;47,83
ee;1544580000;47,82
ee;1544583600;48,36
ee;1544587200;51,04
ee;1544590800;55,32
ee;1544594400;69,62
ee;1544598000;75,62
ee;1544601600;73,66
ee;1544605200;63,16
ee;1544608800;62,32
ee;1544612400;66,06
ee;1544616000;64,04
ee;1544619600;65,04
ee;1544623200;74,94
ee;1544626800;79,55
ee;1544630400;76,4
ee;1544634000;69,99
ee;1544637600;62,83
ee;1544641200;53,57
ee;1544644800;53,48
ee;1544648400;50,92
ee;1544652000;49,22
ee;1544655600;49,57
ee;1544659200;48,77
ee;1544662800;48,16
ee;1544666400;47,86
ee;1544670000;48,24
ee;1544673600;50,08
ee;1544677200;56,05
ee;1544680800;70,04
ee;1544684400;74,66
ee;1544688000;74,08
ee;1544691600;62,41
ee;1544695200;58,46
ee;1544698800;65,46
ee;1544702400;62,9
ee;1544706000;63,03
ee;1544709600;76,1
ee;1544713200;65,69
ee;1544716800;60,93
ee;1544720400;56,21
ee;1544724000;54,31
ee;1544727600;52,81
ee;1544731200;52,69
ee;1544734800;50,74
ee;1544738400;49,65
ee;1544742000;49,69
ee;1544745600;48,83
ee;1544749200;48,39
ee;1544752800;48,69
ee;1544756400;49,49
ee;1544760000;52,98
ee;1544763600;61,27
ee;1544767200;71,99
ee;1544770800;71,94
ee;1544774400;69,88
ee;1544778000;60,06
ee;1544781600;59,05
ee;1544785200;64,45
ee;1544788800;60,48
ee;1544792400;61,75
ee;1544796000;65,9
ee;1544799600;74,93
ee;1544803200;74,92
ee;1544806800;61,27
ee;1544810400;55,92
ee;1544814000;55,1
ee;1544817600;55
ee;1544821200;53,71
ee;1544824800;51,55
ee;1544828400;53,1
ee;1544832000;51,56
ee;1544835600;50,92
ee;1544839200;51,06
ee;1544842800;50,5
ee;1544846400;50,78
ee;1544850000;51,07
ee;1544853600;52,21
ee;1544857200;53,06
ee;1544860800;53,87
ee;1544864400;54,13
ee;1544868000;54,12
ee;1544871600;53,95
ee;1544875200;53,91
ee;1544878800;53,98
ee;1544882400;53,89
ee;1544886000;53,66
ee;1544889600;54,71
ee;1544893200;52,87
ee;1544896800;51,41
ee;1544900400;50,3
ee;1544904000;49,41
ee;1544907600;48,2
ee;1544911200;46,59
ee;1544914800;47,13
ee;1544918400;46,98
ee;1544922000;46,59
ee;1544925600;46,25
ee;1544929200;46,32
ee;1544932800;46,34
ee;1544936400;46,79
ee;1544940000;47,59
ee;1544943600;48,34
ee;1544947200;48,67
ee;1544950800;49,09
ee;1544954400;50,55
ee;1544958000;51,52
ee;1544961600;51,45
ee;1544965200;51,71
ee;1544968800;52,49
ee;1544972400;55,2
ee;1544976000;57,08
ee;1544979600;58,25
ee;1544983200;52,93
ee;1544986800;52,13
ee;1544990400;51,57
ee;1544994000;50,63
ee;1544997600;49,82
ee;1545001200;50,41
ee;1545004800;49,94
ee;1545008400;49,78
ee;1545012000;49,05
ee;1545015600;49,47
ee;1545019200;52,03
ee;1545022800;56,65
ee;1545026400;75,6
ee;1545030000;81,02
ee;1545033600;80,04
ee;1545037200;76,69
ee;1545040800;77,73
ee;1545044400;76,49
ee;1545048000;76,49
ee;1545051600;76,75
ee;1545055200;78,81
ee;1545058800;79,05
ee;1545062400;80,9
ee;1545066000;78,78
ee;1545069600;70,15
ee;1545073200;56,56
ee;1545076800;54,86
ee;1545080400;53,58
ee;1545084000;52,5
ee;1545087600;52,33
ee;1545091200;51,02
ee;1545094800;50,24
ee;1545098400;49,42
ee;1545102000;50,19
ee;1545105600;52,91
ee;1545109200;63,82
ee;1545112800;71,22
ee;1545116400;74,63
ee;1545120000;72,04
ee;1545123600;69,68
ee;1545127200;67,63
ee;1545130800;66,12
ee;1545134400;66,43
ee;1545138000;70,17
ee;1545141600;72,06
ee;1545145200;70,01
ee;1545148800;70,09
ee;1545152400;70,2
ee;1545156000;55,07
ee;1545159600;53,53
ee;1545163200;52,56
ee;1545166800;50,68
ee;1545170400;48,82
ee;1545174000;49,69
ee;1545177600;49,11
ee;1545181200;48,47
ee;1545184800;48,1
ee;1545188400;48,94
ee;1545192000;50,69
ee;1545195600;61,08
ee;1545199200;67
ee;1545202800;64,65
ee;1545206400;65,02
ee;1545210000;56,35
ee;1545213600;56,68
ee;1545217200;66,96
ee;1545220800;67,97
ee;1545224400;66,27
ee;1545228000;66,97
ee;1545231600;68,82
ee;1545235200;68,16
ee;1545238800;65,49
ee;1545242400;55,15
ee;1545246000;54,31
ee;1545249600;53,13
ee;1545253200;51,63
ee;1545256800;50,08
ee;1545260400;47,62
ee;1545264000;48,18
ee;1545267600;48,35
ee;1545271200;47,5
ee;1545274800;48,03
ee;1545278400;51,36
ee;1545282000;62,21
ee;1545285600;66,83
ee;1545289200;68,03
ee;1545292800;68,4
ee;1545296400;59,95
ee;1545300000;59,95
ee;1545303600;66,86
ee;1545307200;66,89
ee;1545310800;68,71
ee;1545314400;70,59
ee;1545318000;69,02
ee;1545321600;69,03
ee;1545325200;67,51
ee;1545328800;59,98
ee;1545332400;52,24
ee;1545336000;51,33
ee;1545339600;50
ee;1545343200;48,12
ee;1545346800;47,27
ee;1545350400;46,52
ee;1545354000;45,73
ee;1545357600;46,15
ee;1545361200;46,59
ee;1545364800;50,21
ee;1545368400;57,49
ee;1545372000;65,99
ee;1545375600;66
ee;1545379200;66,67
ee;1545382800;67,31
ee;1545386400;66,37
ee;1545390000;66,2
ee;1545393600;66,01
ee;1545397200;66,05
ee;1545400800;67,03
ee;1545404400;66,72
ee;1545408000;66,04
ee;1545411600;64,14
ee;1545415200;52,76
ee;1545418800;52,03
ee;1545422400;51,43
ee;1545426000;50,07
ee;1545429600;49,01
ee;1545433200;46,32
ee;1545436800;45,51
ee;1545440400;45,33
ee;1545444000;45,3
ee;1545447600;46,54
ee;1545451200;47,9
ee;1545454800;48,42
ee;1545458400;49,44
ee;1545462000;50,29
ee;1545465600;51,52
ee;1545469200;52,56
ee;1545472800;53,08
ee;1545476400;52,99
ee;1545480000;53,13
ee;1545483600;52,93
ee;1545487200;53,78
ee;1545490800;55,04
ee;1545494400;56,52
ee;1545498000;57,07
ee;1545501600;55,29
ee;1545505200;53,07
ee;1545508800;52,07
ee;1545512400;51,09
ee;1545516000;50,47
ee;1545519600;51,49
ee;1545523200;50,83
ee;1545526800;50,74
ee;1545530400;50,14
ee;1545534000;49,94
ee;1545537600;50,46
ee;1545541200;50,88
ee;1545544800;51,37
ee;1545548400;51,61
ee;1545552000;52,22
ee;1545555600;52,8
ee;1545559200;53
ee;1545562800;53,11
ee;1545566400;52,93
ee;1545570000;52,93
ee;1545573600;53,75
ee;1545577200;55,99
ee;1545580800;61,2
ee;1545584400;61,2
ee;1545588000;57,42
ee;1545591600;55,61
ee;1545595200;53,99
ee;1545598800;53,86
ee;1545602400;52,32
ee;1545606000;51,29
ee;1545609600;50,31
ee;1545613200;49,1
ee;1545616800;48,76
ee;1545620400;48,43
ee;1545624000;49,71
ee;1545627600;50,02
ee;1545631200;50,56
ee;1545634800;52,33
ee;1545638400;53,39
ee;1545642000;53,1
ee;1545645600;52,88
ee;1545649200;52,97
ee;1545652800;52,46
ee;1545656400;52,44
ee;1545660000;52,9
ee;1545663600;53,24
ee;1545667200;52,61
ee;1545670800;51,31
ee;1545674400;50,74
ee;1545678000;49,76
ee;1545681600;48,53
ee;1545685200;48,38
ee;1545688800;46,4
ee;1545692400;43,48
ee;1545696000;41,27
ee;1545699600;38,03
ee;1545703200;35,21
ee;1545706800;35,08
ee;1545710400;42,99
ee;1545714000;45,68
ee;1545717600;46,46
ee;1545721200;46,5
ee;1545724800;46,31
ee;1545728400;40,57
ee;1545732000;42,26
ee;1545735600;46,76
ee;1545739200;46
ee;1545742800;46,3
ee;1545746400;47
ee;1545750000;46,67
ee;1545753600;46,26
ee;1545757200;45,26
ee;1545760800;42,74
ee;1545764400;42,53
ee;1545768000;38,68
ee;1545771600;39,94
ee;1545775200;27,4
ee;1545778800;25,04
ee;1545782400;24,57
ee;1545786000;21,71
ee;1545789600;23,68
ee;1545793200;20,99
ee;1545796800;28,51
ee;1545800400;35,7
ee;1545804000;46,48
ee;1545807600;49,35
ee;1545811200;50,97
ee;1545814800;50,85
ee;1545818400;51,19
ee;1545822000;51,74
ee;1545825600;51,81
ee;1545829200;51,33
ee;1545832800;51,92
ee;1545836400;52,58
ee;1545840000;52,53
ee;1545843600;52,36
ee;1545847200;50,99
ee;1545850800;50,23
ee;1545854400;49,73
ee;1545858000;49,21
ee;1545861600;48,03
ee;1545865200;47,41
ee;1545868800;47,1
ee;1545872400;46,74
ee;1545876000;45,03
ee;1545879600;46,02
ee;1545883200;49,74
ee;1545886800;51,03
ee;1545890400;52,58
ee;1545894000;52,77
ee;1545897600;53,81
ee;1545901200;54,42
ee;1545904800;54,53
ee;1545908400;54,93
ee;1545912000;55,88
ee;1545915600;56,01
ee;1545919200;56,06
ee;1545922800;58,66
ee;1545926400;59,81
ee;1545930000;58,07
ee;1545933600;56,15
ee;1545937200;52,09
ee;1545940800;51,22
ee;1545944400;50,1
ee;1545948000;48,98
ee;1545951600;50,04
ee;1545955200;49,42
ee;1545958800;49,19
ee;1545962400;48,51
ee;1545966000;48,07
ee;1545969600;50,12
ee;1545973200;51,72
ee;1545976800;52,95
ee;1545980400;54,37
ee;1545984000;55,21
ee;1545987600;55,23
ee;1545991200;55,21
ee;1545994800;57,06
ee;1545998400;59,95
ee;1546002000;60,71
ee;1546005600;63,56
ee;1546009200;65,08
ee;1546012800;65,33
ee;1546016400;63,6
ee;1546020000;60,75
ee;1546023600;53,1
ee;1546027200;52,4
ee;1546030800;51,48
ee;1546034400;50,18
ee;1546038000;51,08
ee;1546041600;49,87
ee;1546045200;48,9
ee;1546048800;47,15
ee;1546052400;46,79
ee;1546056000;47,21
ee;1546059600;48,01
ee;1546063200;50,02
ee;1546066800;51,12
ee;1546070400;52
ee;1546074000;51,73
ee;1546077600;51,74
ee;1546081200;52,09
ee;1546084800;51,98
ee;1546088400;51,14
ee;1546092000;50,79
ee;1546095600;52,02
ee;1546099200;52,67
ee;1546102800;52
ee;1546106400;50,79
ee;1546110000;49,22
ee;1546113600;48
ee;1546117200;46,47
ee;1546120800;44,45
ee;1546124400;48,68
ee;1546128000;48,05
ee;1546131600;47,99
ee;1546135200;48,03
ee;1546138800;48,43
ee;1546142400;48,76
ee;1546146000;49,48
ee;1546149600;49,84
ee;1546153200;49,85
ee;1546156800;49,46
ee;1546160400;50,23
ee;1546164000;51,16
ee;1546167600;51,16
ee;1546171200;50,14
ee;1546174800;50,05
ee;1546178400;51,09
ee;1546182000;52,34
ee;1546185600;54,39
ee;1546189200;55,13
ee;1546192800;55
ee;1546196400;53,98
ee;1546200000;52,98
ee;1546203600;52,99
ee;1546207200;51,98
ee;1546210800;49,85
ee;1546214400;49,13
ee;1546218000;48,28
ee;1546221600;45,92
ee;1546225200;45,47
ee;1546228800;47,11
ee;1546232400;49,12
ee;1546236000;49,8
ee;1546239600;49,74
ee;1546243200;50,06
ee;1546246800;50,76
ee;1546250400;50,85
ee;1546254000;50,09
ee;1546257600;49,97
ee;1546261200;49,96
ee;1546264800;50,51
ee;1546268400;50,83
ee;1546272000;50,11
ee;1546275600;49,35
ee;1546279200;47,51
ee;1546282800;45,82
ee;1546286400;43,03
ee;1546290000;38,54
lt;1543615200;43,22
lt;1543618800;43,25
lt;1543622400;42,09
lt;1543626000;41,07
lt;1543629600;42,05
lt;1543633200;43,5
lt;1543636800;43,37
lt;1543640400;42,89
lt;1543644000;45,6
lt;1543647600;46,37
lt;1543651200;47,14
lt;1543654800;47,46
lt;1543658400;55,74
lt;1543662000;55,74
lt;1543665600;47,61
lt;1543669200;52,23
lt;1543672800;58,36
lt;1543676400;60,45
lt;1543680000;57,11
lt;1543683600;51,56
lt;1543687200;47,18
lt;1543690800;45,57
lt;1543694400;45,45
lt;1543698000;43,06
lt;1543701600;38,63
lt;1543705200;43,33
lt;1543708800;42,16
lt;1543712400;41,83
lt;1543716000;40,55
lt;1543719600;41,35
lt;1543723200;41,66
lt;1543726800;42,96
lt;1543730400;43,96
lt;1543734000;44,48
lt;1543737600;45,29
lt;1543741200;46,18
lt;1543744800;51,68
lt;1543748400;50,17
lt;1543752000;46,91
lt;1543755600;46,25
lt;1543759200;46,74
lt;1543762800;58,19
lt;1543766400;53,69
lt;1543770000;48,12
lt;1543773600;46,7
lt;1543777200;45,87
lt;1543780800;45,1
lt;1543784400;43,09
lt;1543788000;39,22
lt;1543791600;43,52
lt;1543795200;41,93
lt;1543798800;40,77
lt;1543802400;40,86
lt;1543806000;42,01
lt;1543809600;45,1
lt;1543813200;48
lt;1543816800;52,38
lt;1543820400;58,94
lt;1543824000;60,26
lt;1543827600;60,82
lt;1543831200;65,03
lt;1543834800;68,58
lt;1543838400;67,47
lt;1543842000;65,26
lt;1543845600;68,59
lt;1543849200;67,48
lt;1543852800;67,04
lt;1543856400;62,04
lt;1543860000;59,48
lt;1543863600;48,93
lt;1543867200;47,56
lt;1543870800;46,03
lt;1543874400;44,71
lt;1543878000;36,22
lt;1543881600;33,14
lt;1543885200;34,68
lt;1543888800;36,08
lt;1543892400;40,82
lt;1543896000;43,79
lt;1543899600;53,45
lt;1543903200;74,68
lt;1543906800;74,63
lt;1543910400;74,61
lt;1543914000;62,09
lt;1543917600;62,04
lt;1543921200;62,07
lt;1543924800;62,06
lt;1543928400;62,07
lt;1543932000;62,04
lt;1543935600;69,99
lt;1543939200;68,53
lt;1543942800;62,06
lt;1543946400;56,08
lt;1543950000;48,87
lt;1543953600;47,49
lt;1543957200;46,24
lt;1543960800;44,93
lt;1543964400;46,01
lt;1543968000;45,82
lt;1543971600;45,94
lt;1543975200;45,81
lt;1543978800;46,01
lt;1543982400;47,3
lt;1543986000;54,35
lt;1543989600;58,36
lt;1543993200;60,6
lt;1543996800;67,42
lt;1544000400;66,08
lt;1544004000;66,02
lt;1544007600;73,7
lt;1544011200;74,61
lt;1544014800;70,83
lt;1544018400;74,62
lt;1544022000;75,44
lt;1544025600;75,45
lt;1544029200;68,77
lt;1544032800;68,73
lt;1544036400;60,49
lt;1544040000;49,21
lt;1544043600;48,57
lt;1544047200;46,54
lt;1544050800;47,23
lt;1544054400;46,28
lt;1544058000;45,87
lt;1544061600;45,45
lt;1544065200;45,49
lt;1544068800;48
lt;1544072400;51,22
lt;1544076000;58,89
lt;1544079600;61,77
lt;1544083200;68,24
lt;1544086800;68,57
lt;1544090400;68,64
lt;1544094000;68,8
lt;1544097600;68,77
lt;1544101200;68,69
lt;1544104800;70,73
lt;1544108400;71,19
lt;1544112000;70,76
lt;1544115600;63,09
lt;1544119200;60,46
lt;1544122800;54,07
lt;1544126400;49,38
lt;1544130000;47,76
lt;1544133600;46,56
lt;1544137200;45,16
lt;1544140800;43,87
lt;1544144400;43,35
lt;1544148000;43,56
lt;1544151600;43,67
lt;1544155200;46,01
lt;1544158800;52,96
lt;1544162400;60
lt;1544166000;60,9
lt;1544169600;61,56
lt;1544173200;58,16
lt;1544176800;57,51
lt;1544180400;60,76
lt;1544184000;60,98
lt;1544187600;61,59
lt;1544191200;63,51
lt;1544194800;66,84
lt;1544198400;66,5
lt;1544202000;60,03
lt;1544205600;54,37
lt;1544209200;51,16
lt;1544212800;46,2
lt;1544216400;44,55
lt;1544220000;42,08
lt;1544223600;43,04
lt;1544227200;40,16
lt;1544230800;39,07
lt;1544234400;38,63
lt;1544238000;38,73
lt;1544241600;40,13
lt;1544245200;43,14
lt;1544248800;44,32
lt;1544252400;45,57
lt;1544256000;46,34
lt;1544259600;48,83
lt;1544263200;50,65
lt;1544266800;48,85
lt;1544270400;47,36
lt;1544274000;46,43
lt;1544277600;48,8
lt;1544281200;51,75
lt;1544284800;50,9
lt;1544288400;46,82
lt;1544292000;46,3
lt;1544295600;44,5
lt;1544299200;41,22
lt;1544302800;40,2
lt;1544306400;39,24
lt;1544310000;37,06
lt;1544313600;36,05
lt;1544317200;33,25
lt;1544320800;30,4
lt;1544324400;24,28
lt;1544328000;25,71
lt;1544331600;37,24
lt;1544335200;40,44
lt;1544338800;43,57
lt;1544342400;44,78
lt;1544346000;45,52
lt;1544349600;45,87
lt;1544353200;45,87
lt;1544356800;45,82
lt;1544360400;45,63
lt;1544364000;46,1
lt;1544367600;46,87
lt;1544371200;46,87
lt;1544374800;46,64
lt;1544378400;46,21
lt;1544382000;45,83
lt;1544385600;43,72
lt;1544389200;41,76
lt;1544392800;38,89
lt;1544396400;24,01
lt;1544400000;22,87
lt;1544403600;21,87
lt;1544407200;20,82
lt;1544410800;39,76
lt;1544414400;47,15
lt;1544418000;52,1
lt;1544421600;60,09
lt;1544425200;61,11
lt;1544428800;61,97
lt;1544432400;54,9
lt;1544436000;54,58
lt;1544439600;61,18
lt;1544443200;60,53
lt;1544446800;60,03
lt;1544450400;62,32
lt;1544454000;62,06
lt;1544457600;59,68
lt;1544461200;58,72
lt;1544464800;55,88
lt;1544468400;49,75
lt;1544472000;46,91
lt;1544475600;45,57
lt;1544479200;43,68
lt;1544482800;44,85
lt;1544486400;43,87
lt;1544490000;43,17
lt;1544493600;43
lt;1544497200;43,96
lt;1544500800;48,9
lt;1544504400;66,3
lt;1544508000;66,31
lt;1544511600;62,33
lt;1544515200;62,82
lt;1544518800;58,04
lt;1544522400;58,04
lt;1544526000;62,84
lt;1544529600;65,32
lt;1544533200;64,99
lt;1544536800;68,29
lt;1544540400;65,47
lt;1544544000;65,39
lt;1544547600;63,96
lt;1544551200;58,03
lt;1544554800;52,52
lt;1544558400;51,01
lt;1544562000;49,45
lt;1544565600;48,41
lt;1544569200;48,82
lt;1544572800;48,09
lt;1544576400;47,83
lt;1544580000;47,82
lt;1544583600;48,36
lt;1544587200;51,04
lt;1544590800;55,32
lt;1544594400;69,62
lt;1544598000;75,62
lt;1544601600;73,66
lt;1544605200;63,16
lt;1544608800;62,32
lt;1544612400;66,06
lt;1544616000;64,04
lt;1544619600;65,04
lt;1544623200;74,94
lt;1544626800;79,55
lt;1544630400;76,4
lt;1544634000;69,99
lt;1544637600;62,83
lt;1544641200;53,57
lt;1544644800;53,48
lt;1544648400;50,92
lt;1544652000;49,22
lt;1544655600;49,57
lt;1544659200;48,77
lt;1544662800;48,16
lt;1544666400;47,86
lt;1544670000;48,24
lt;1544673600;50,08
lt;1544677200;56,05
lt;1544680800;70,04
lt;1544684400;74,66
lt;1544688000;74,08
lt;1544691600;62,41
lt;1544695200;58,46
lt;1544698800;65,46
lt;1544702400;62,9
lt;1544706000;63,03
lt;1544709600;76,1
lt;1544713200;79,38
lt;1544716800;68
lt;1544720400;75,38
lt;1544724000;61,39
lt;1544727600;52,81
lt;1544731200;52,69
lt;1544734800;50,74
lt;1544738400;49,65
lt;1544742000;49,69
lt;1544745600;48,83
lt;1544749200;48,39
lt;1544752800;48,69
lt;1544756400;49,49
lt;1544760000;52,98
lt;1544763600;63,42
lt;1544767200;75,88
lt;1544770800;87,92
lt;1544774400;88,93
lt;1544778000;81,88
lt;1544781600;82,31
lt;1544785200;82,66
lt;1544788800;79,85
lt;1544792400;81,3
lt;1544796000;83,04
lt;1544799600;84,84
lt;1544803200;94,96
lt;1544806800;81,35
lt;1544810400;73,84
lt;1544814000;55,1
lt;1544817600;55
lt;1544821200;53,71
lt;1544824800;51,55
lt;1544828400;53,1
lt;1544832000;51,56
lt;1544835600;50,92
lt;1544839200;51,06
lt;1544842800;50,5
lt;1544846400;50,78
lt;1544850000;51,07
lt;1544853600;52,21
lt;1544857200;53,45
lt;1544860800;66,76
lt;1544864400;65,38
lt;1544868000;67,27
lt;1544871600;63,39
lt;1544875200;58,71
lt;1544878800;57,11
lt;1544882400;58,86
lt;1544886000;62,96
lt;1544889600;62,01
lt;1544893200;52,87
lt;1544896800;51,41
lt;1544900400;50,3
lt;1544904000;49,41
lt;1544907600;48,2
lt;1544911200;46,59
lt;1544914800;47,13
lt;1544918400;46,98
lt;1544922000;46,59
lt;1544925600;46,25
lt;1544929200;46,32
lt;1544932800;46,34
lt;1544936400;46,79
lt;1544940000;47,59
lt;1544943600;48,34
lt;1544947200;48,67
lt;1544950800;49,09
lt;1544954400;50,55
lt;1544958000;51,52
lt;1544961600;51,45
lt;1544965200;51,71
lt;1544968800;52,49
lt;1544972400;55,2
lt;1544976000;57,08
lt;1544979600;58,25
lt;1544983200;52,93
lt;1544986800;52,13
lt;1544990400;51,57
lt;1544994000;50,63
lt;1544997600;49,82
lt;1545001200;50,41
lt;1545004800;49,94
lt;1545008400;49,78
lt;1545012000;49,05
lt;1545015600;49,47
lt;1545019200;52,03
lt;1545022800;60,68
lt;1545026400;75,6
lt;1545030000;81,02
lt;1545033600;80,04
lt;1545037200;76,69
lt;1545040800;77,73
lt;1545044400;76,49
lt;1545048000;76,49
lt;1545051600;76,75
lt;1545055200;78,81
lt;1545058800;79,05
lt;1545062400;80,9
lt;1545066000;78,78
lt;1545069600;70,15
lt;1545073200;56,56
lt;1545076800;54,86
lt;1545080400;53,58
lt;1545084000;52,5
lt;1545087600;52,33
lt;1545091200;51,02
lt;1545094800;50,24
lt;1545098400;49,42
lt;1545102000;50,19
lt;1545105600;52,91
lt;1545109200;63,82
lt;1545112800;71,22
lt;1545116400;74,63
lt;1545120000;72,04
lt;1545123600;69,68
lt;1545127200;67,63
lt;1545130800;66,12
lt;1545134400;66,43
lt;1545138000;70,17
lt;1545141600;72,06
lt;1545145200;74,04
lt;1545148800;70,09
lt;1545152400;70,2
lt;1545156000;55,07
lt;1545159600;53,53
lt;1545163200;52,56
lt;1545166800;50,68
lt;1545170400;48,82
lt;1545174000;49,69
lt;1545177600;49,11
lt;1545181200;48,47
lt;1545184800;48,1
lt;1545188400;48,94
lt;1545192000;50,69
lt;1545195600;61,08
lt;1545199200;67
lt;1545202800;68,26
lt;1545206400;70,81
lt;1545210000;69,16
lt;1545213600;65,89
lt;1545217200;66,96
lt;1545220800;67,97
lt;1545224400;66,27
lt;1545228000;66,97
lt;1545231600;68,82
lt;1545235200;68,16
lt;1545238800;65,49
lt;1545242400;64,07
lt;1545246000;54,31
lt;1545249600;53,13
lt;1545253200;51,63
lt;1545256800;50,08
lt;1545260400;47,62
lt;1545264000;48,18
lt;1545267600;48,35
lt;1545271200;47,5
lt;1545274800;48,03
lt;1545278400;50,74
lt;1545282000;62,21
lt;1545285600;66,83
lt;1545289200;68,03
lt;1545292800;68,4
lt;1545296400;66,6
lt;1545300000;66,53
lt;1545303600;66,86
lt;1545307200;66,89
lt;1545310800;68,71
lt;1545314400;70,59
lt;1545318000;69,02
lt;1545321600;69,03
lt;1545325200;67,51
lt;1545328800;66,8
lt;1545332400;52,24
lt;1545336000;51,33
lt;1545339600;50
lt;1545343200;48,12
lt;1545346800;47,27
lt;1545350400;46,52
lt;1545354000;45,73
lt;1545357600;46,15
lt;1545361200;46,59
lt;1545364800;50,21
lt;1545368400;57,49
lt;1545372000;65,99
lt;1545375600;66
lt;1545379200;66,67
lt;1545382800;67,31
lt;1545386400;66,37
lt;1545390000;66,2
lt;1545393600;66,01
lt;1545397200;66,05
lt;1545400800;67,03
lt;1545404400;66,72
lt;1545408000;66,04
lt;1545411600;64,14
lt;1545415200;59,51
lt;1545418800;52,03
lt;1545422400;51,43
lt;1545426000;50,07
lt;1545429600;49,01
lt;1545433200;46,09
lt;1545436800;44,77
lt;1545440400;44,68
lt;1545444000;44,67
lt;1545447600;46,04
lt;1545451200;47,9
lt;1545454800;48,42
lt;1545458400;49,44
lt;1545462000;50,29
lt;1545465600;51,52
lt;1545469200;52,56
lt;1545472800;53,08
lt;1545476400;52,99
lt;1545480000;53,13
lt;1545483600;52,93
lt;1545487200;53,78
lt;1545490800;55,04
lt;1545494400;56,52
lt;1545498000;57,07
lt;1545501600;55,29
lt;1545505200;53,07
lt;1545508800;52,07
lt;1545512400;51,09
lt;1545516000;50,47
lt;1545519600;46,57
lt;1545523200;46,01
lt;1545526800;42,7
lt;1545530400;45,34
lt;1545534000;46,03
lt;1545537600;44,56
lt;1545541200;50,88
lt;1545544800;51,37
lt;1545548400;51,61
lt;1545552000;52,22
lt;1545555600;52,8
lt;1545559200;53
lt;1545562800;53,11
lt;1545566400;52,93
lt;1545570000;52,93
lt;1545573600;53,75
lt;1545577200;55,99
lt;1545580800;61,2
lt;1545584400;61,2
lt;1545588000;57,42
lt;1545591600;55,61
lt;1545595200;53,99
lt;1545598800;53,86
lt;1545602400;52,32
lt;1545606000;46,09
lt;1545609600;50,31
lt;1545613200;49,1
lt;1545616800;48,76
lt;1545620400;46,09
lt;1545624000;49,71
lt;1545627600;50,02
lt;1545631200;50,56
lt;1545634800;52,33
lt;1545638400;53,39
lt;1545642000;53,1
lt;1545645600;52,88
lt;1545649200;52,97
lt;1545652800;52,46
lt;1545656400;52,44
lt;1545660000;52,9
lt;1545663600;53,24
lt;1545667200;52,61
lt;1545670800;51,31
lt;1545674400;50,74
lt;1545678000;49,76
lt;1545681600;48,53
lt;1545685200;43,87
lt;1545688800;41,91
lt;1545692400;38,09
lt;1545696000;38,04
lt;1545699600;38,03
lt;1545703200;35,21
lt;1545706800;35,08
lt;1545710400;42,99
lt;1545714000;45,68
lt;1545717600;46,46
lt;1545721200;46,5
lt;1545724800;46,31
lt;1545728400;40,57
lt;1545732000;42,26
lt;1545735600;46,76
lt;1545739200;46
lt;1545742800;46,3
lt;1545746400;47
lt;1545750000;46,67
lt;1545753600;46,26
lt;1545757200;45,26
lt;1545760800;42,74
lt;1545764400;42,53
lt;1545768000;38,68
lt;1545771600;39,94
lt;1545775200;27,4
lt;1545778800;25,04
lt;1545782400;24,57
lt;1545786000;21,71
lt;1545789600;23,68
lt;1545793200;20,99
lt;1545796800;28,51
lt;1545800400;35,7
lt;1545804000;46,48
lt;1545807600;49,35
lt;1545811200;50,97
lt;1545814800;50,85
lt;1545818400;51,19
lt;1545822000;51,74
lt;1545825600;51,81
lt;1545829200;51,33
lt;1545832800;51,92
lt;1545836400;52,58
lt;1545840000;52,53
lt;1545843600;52,36
lt;1545847200;50,99
lt;1545850800;50,23
lt;1545854400;49,73
lt;1545858000;49,21
lt;1545861600;48,03
lt;1545865200;47,41
lt;1545868800;47,1
lt;1545872400;46,74
lt;1545876000;45,03
lt;1545879600;46,02
lt;1545883200;49,74
lt;1545886800;51,03
lt;1545890400;52,58
lt;1545894000;52,77
lt;1545897600;53,81
lt;1545901200;54,42
lt;1545904800;54,53
lt;1545908400;54,93
lt;1545912000;55,88
lt;1545915600;56,01
lt;1545919200;56,06
lt;1545922800;58,66
lt;1545926400;59,81
lt;1545930000;58,07
lt;1545933600;56,15
lt;1545937200;52,09
lt;1545940800;51,22
lt;1545944400;50,1
lt;1545948000;48,98
lt;1545951600;50,04
lt;1545955200;49,42
lt;1545958800;49,19
lt;1545962400;48,51
lt;1545966000;48,07
lt;1545969600;50,12
lt;1545973200;51,72
lt;1545976800;52,95
lt;1545980400;54,37
lt;1545984000;55,21
lt;1545987600;55,23
lt;1545991200;55,21
lt;1545994800;57,06
lt;1545998400;59,95
lt;1546002000;60,71
lt;1546005600;63,56
lt;1546009200;65,08
lt;1546012800;65,33
lt;1546016400;63,6
lt;1546020000;60,75
lt;1546023600;53,1
lt;1546027200;52,4
lt;1546030800;51,48
lt;1546034400;50,18
lt;1546038000;51,08
lt;1546041600;49,87
lt;1546045200;48,9
lt;1546048800;47,15
lt;1546052400;46,79
lt;1546056000;47,21
lt;1546059600;48,01
lt;1546063200;50,02
lt;1546066800;51,12
lt;1546070400;52
lt;1546074000;51,73
lt;1546077600;51,74
lt;1546081200;52,09
lt;1546084800;51,98
lt;1546088400;51,14
lt;1546092000;50,79
lt;1546095600;52,02
lt;1546099200;52,67
lt;1546102800;52
lt;1546106400;50,79
lt;1546110000;49,22
lt;1546113600;48
lt;1546117200;46,47
lt;1546120800;44,45
lt;1546124400;48,68
lt;1546128000;48,05
lt;1546131600;47,99
lt;1546135200;48,03
lt;1546138800;48,43
lt;1546142400;48,76
lt;1546146000;49,48
lt;1546149600;49,84
lt;1546153200;49,85
lt;1546156800;49,46
lt;1546160400;50,23
lt;1546164000;51,16
lt;1546167600;51,16
lt;1546171200;50,14
lt;1546174800;50,05
lt;1546178400;51,09
lt;1546182000;52,34
lt;1546185600;54,39
lt;1546189200;55,13
lt;1546192800;55
lt;1546196400;53,98
lt;1546200000;52,98
lt;1546203600;52,99
lt;1546207200;51,98
lt;1546210800;49,85
lt;1546214400;49,13
lt;1546218000;48,28
lt;1546221600;45,92
lt;1546225200;45,47
lt;1546228800;47,11
lt;1546232400;49,12
lt;1546236000;49,8
lt;1546239600;49,74
lt;1546243200;50,06
lt;1546246800;50,76
lt;1546250400;50,85
lt;1546254000;50,09
lt;1546257600;49,97
lt;1546261200;49,96
lt;1546264800;50,51
lt;1546268400;50,83
lt;1546272000;50,11
lt;1546275600;49,35
lt;1546279200;47,51
lt;1546282800;45,82
lt;1546286400;43,03
lt;1546290000;38,54
