Jaam,’hutemperatuur (įC),Suhteline űhuniiskus (%),’hurűhk merepinnal (hPa),’hurűhu muutus (hPa),Tuul suund (į),Tuul kiirus (m/s),Tuul max kiirus (m/s),Pilvisus (palli),Hetkeilm (sensor),Hetkeilm (vaatleja),Sademed (mm),Nšhtavus (km),timestamp
Valga,16.4,96,1020.1,0.4,42,1.1,2.0,,nűrk hoogvihm,,0.7,22.2,2018-09-01 0:00:00
Valga,16.3,97,1020.4,0.6,127,0.9,2.2,,vihm,,0.0,21.6,2018-09-01 1:00:00
Valga,16.3,96,1020.2,0.4,142,1.0,3.2,,vihm,,0.5,20.3,2018-09-01 2:00:00
Valga,16.0,98,1020.2,0.1,68,0.7,1.7,,nšhtusteta,,0.0,11.0,2018-09-01 3:00:00
Valga,15.5,99,1020.4,0.0,160,0.8,1.4,,uduvine,,0.0,8.5,2018-09-01 4:00:00
Valga,15.0,100,1020.7,0.5,168,1.2,1.9,,uduvine,,0.0,4.8,2018-09-01 5:00:00
Valga,14.3,100,1020.9,0.7,154,0.8,2.2,,udu,,0.0,0.84,2018-09-01 6:00:00
Valga,14.4,100,1021.4,1.0,194,1.1,2.4,,udu,,0.0,3.7,2018-09-01 7:00:00
Valga,14.7,100,1021.8,1.1,213,1.5,2.3,,uduvine,,0.0,1.0,2018-09-01 8:00:00
Valga,15.1,98,1022.2,1.3,229,1.8,4.3,,udu,,0.0,5.2,2018-09-01 9:00:00
Valga,15.5,97,1022.6,1.2,214,1.6,3.7,,uduvine,,0.0,10.0,2018-09-01 10:00:00
Valga,15.9,95,1023.1,1.3,200,2.6,4.2,,nšhtusteta,,0.0,14.8,2018-09-01 11:00:00
Valga,17.2,92,1023.4,1.2,169,1.8,4.7,,nšhtusteta,,0.0,19.6,2018-09-01 12:00:00
Valga,19.0,82,1023.4,0.8,205,1.8,4.3,,nšhtusteta,,0.0,24.2,2018-09-01 13:00:00
Valga,19.3,77,1023.6,0.5,171,0.9,2.7,,nšhtusteta,,0.0,31.3,2018-09-01 14:00:00
Valga,21.5,69,1023.4,0.0,165,1.5,4.4,,vihm,,0.0,28.1,2018-09-01 15:00:00
Valga,21.5,67,1023.4,0.0,228,2.2,4.2,,nšhtusteta,,0.0,35.0,2018-09-01 16:00:00
Valga,21.5,65,1023.6,0.0,226,2.2,5.1,,nšhtusteta,,0.0,35.0,2018-09-01 17:00:00
Valga,21.7,62,1023.8,0.4,245,1.7,5.7,,nšhtusteta,,0.0,35.0,2018-09-01 18:00:00
Valga,19.9,67,1023.9,0.5,208,1.4,4.3,,nšhtusteta,,0.0,13.7,2018-09-01 19:00:00
Valga,17.6,87,1024.3,0.7,203,0.3,1.7,,nšhtusteta,,0.0,35.0,2018-09-01 20:00:00
Valga,16.3,93,1024.6,0.8,281,0.8,1.3,,nšhtusteta,,0.0,24.2,2018-09-01 21:00:00
Valga,15.8,96,1024.9,1.0,227,0.6,1.3,,nšhtusteta,,0.0,16.9,2018-09-01 22:00:00
Valga,15.4,97,1025.2,0.9,142,0.3,1.6,,nšhtusteta,,0.0,14.9,2018-09-01 23:00:00
Valga,14.7,98,1025.4,0.8,69,0.3,0.7,,nšhtusteta,,0.0,14.6,2018-09-02 0:00:00
Valga,14.2,97,1025.6,0.7,244,0.6,1.0,,nšhtusteta,,0.0,7.9,2018-09-02 1:00:00
Valga,13.3,99,1025.8,0.6,177,0.4,1.0,,uduvine,,0.0,7.4,2018-09-02 2:00:00
Valga,12.2,99,1025.9,0.5,232,0.5,1.2,,nšhtusteta,,0.0,10.7,2018-09-02 3:00:00
Valga,11.3,99,1026.2,0.6,228,0.6,1.0,,uduvine,,0.0,13.0,2018-09-02 4:00:00
Valga,10.8,99,1026.6,0.8,222,0.6,1.0,,uduvine,,0.0,12.8,2018-09-02 5:00:00
Valga,10.3,97,1026.9,1.0,257,0.5,1.6,,nšhtusteta,,0.0,7.1,2018-09-02 6:00:00
Valga,10.3,99,1027.0,0.8,179,0.6,1.6,,uduvine,,0.0,5.0,2018-09-02 7:00:00
Valga,12.3,99,1027.0,0.4,270,1.1,1.7,,uduvine,,0.0,10.2,2018-09-02 8:00:00
Valga,15.6,92,1027.3,0.4,269,0.7,1.4,,nšhtusteta,,0.0,28.7,2018-09-02 9:00:00
Valga,17.9,82,1027.5,0.5,243,1.5,3.4,,nšhtusteta,,0.0,35.0,2018-09-02 10:00:00
Valga,19.1,73,1027.6,0.6,231,2.5,4.3,,nšhtusteta,,0.0,33.1,2018-09-02 11:00:00
Valga,19.9,61,1027.5,0.2,239,2.1,5.4,,nšhtusteta,,0.0,23.0,2018-09-02 12:00:00
Valga,20.4,57,1027.4,-0.1,239,2.6,5.4,,nšhtusteta,,0.0,35.0,2018-09-02 13:00:00
Valga,20.7,59,1027.4,-0.2,274,2.5,6.2,,nšhtusteta,,0.0,24.8,2018-09-02 14:00:00
Valga,20.4,60,1027.3,-0.2,270,2.0,6.0,,nšhtusteta,,0.0,35.0,2018-09-02 15:00:00
Valga,20.3,67,1027.3,-0.1,262,2.9,6.5,,nšhtusteta,,0.0,35.0,2018-09-02 16:00:00
Valga,19.9,71,1027.2,-0.2,306,2.6,5.6,,nšhtusteta,,0.0,35.0,2018-09-02 17:00:00
Valga,20.8,65,1027.2,-0.1,293,1.9,4.5,,nšhtusteta,,0.0,35.0,2018-09-02 18:00:00
Valga,20.1,71,1027.2,-0.1,297,1.3,3.7,,nšhtusteta,,0.0,35.0,2018-09-02 19:00:00
Valga,17.8,86,1027.3,0.1,290,0.9,3.1,,nšhtusteta,,0.0,35.0,2018-09-02 20:00:00
Valga,15.3,95,1027.6,0.4,312,0.7,1.3,,nšhtusteta,,0.0,35.0,2018-09-02 21:00:00
Valga,14.2,96,1027.7,0.5,228,0.2,0.7,,nšhtusteta,,0.0,33.3,2018-09-02 22:00:00
Valga,13.5,97,1027.9,0.6,328,0.4,1.2,,nšhtusteta,,0.0,30.0,2018-09-02 23:00:00
Valga,12.8,100,1027.8,0.2,180,0.6,0.8,,uduvine,,0.0,9.3,2018-09-03 0:00:00
Valga,12.0,98,1027.8,0.1,339,0.2,0.6,,nšhtusteta,,0.0,25.7,2018-09-03 1:00:00
Valga,11.1,99,1027.8,-0.1,259,0.6,1.4,,nšhtusteta,,0.0,18.0,2018-09-03 2:00:00
Valga,10.9,99,1027.7,-0.1,204,0.2,1.0,,udu,,0.0,14.9,2018-09-03 3:00:00
Valga,10.7,100,1027.4,-0.4,321,0.2,0.7,,udu,,0.0,0.08,2018-09-03 4:00:00
Valga,9.9,100,1027.4,-0.4,316,0.4,0.8,,udu,,0.0,0.4,2018-09-03 5:00:00
Valga,9.3,100,1027.5,-0.2,16,0.3,1.1,,udu,,0.0,15.7,2018-09-03 6:00:00
Valga,9.1,99,1027.4,0.0,316,0.2,0.7,,nšhtusteta,,0.0,28.5,2018-09-03 7:00:00
Valga,13.2,90,1027.2,-0.2,69,0.4,0.6,,nšhtusteta,,0.0,26.0,2018-09-03 8:00:00
Valga,15.7,90,1026.9,-0.6,23,1.1,1.9,,nšhtusteta,,0.0,35.0,2018-09-03 9:00:00
Valga,17.5,87,1026.8,-0.6,78,1.9,3.7,,nšhtusteta,,0.0,35.0,2018-09-03 10:00:00
Valga,19.3,80,1026.4,-0.8,68,2.2,4.5,,nšhtusteta,,0.0,35.0,2018-09-03 11:00:00
Valga,19.9,73,1026.1,-0.8,69,3.6,6.0,,nšhtusteta,,0.0,35.0,2018-09-03 12:00:00
Valga,21.1,68,1025.6,-1.2,90,3.0,5.6,,nšhtusteta,,0.0,35.0,2018-09-03 13:00:00
Valga,21.6,61,1025.1,-1.3,42,2.6,5.9,,nšhtusteta,,0.0,30.6,2018-09-03 14:00:00
Valga,21.6,54,1024.3,-1.8,34,3.1,6.4,,nšhtusteta,,0.0,35.0,2018-09-03 15:00:00
Valga,22.5,56,1023.7,-1.9,68,2.5,6.1,,nšhtusteta,,0.0,35.0,2018-09-03 16:00:00
Valga,22.4,52,1023.0,-2.1,73,2.4,5.6,,nšhtusteta,,0.0,35.0,2018-09-03 17:00:00
Valga,22.2,52,1022.7,-1.6,58,2.9,5.4,,nšhtusteta,,0.0,35.0,2018-09-03 18:00:00
Valga,21.0,62,1022.7,-1.0,53,2.0,5.1,,nšhtusteta,,0.0,35.0,2018-09-03 19:00:00
Valga,18.7,74,1022.6,-0.4,51,2.2,4.2,,nšhtusteta,,0.0,35.0,2018-09-03 20:00:00
Valga,17.3,81,1022.6,-0.1,47,2.1,3.6,,nšhtusteta,,0.0,35.0,2018-09-03 21:00:00
Valga,16.3,86,1022.5,-0.2,51,1.7,3.2,,nšhtusteta,,0.0,34.6,2018-09-03 22:00:00
Valga,15.8,88,1022.1,-0.5,39,1.9,2.9,,nšhtusteta,,0.0,35.0,2018-09-03 23:00:00
Valga,15.1,91,1021.6,-1.0,42,1.8,3.4,,nšhtusteta,,0.0,35.0,2018-09-04 0:00:00
Valga,14.6,92,1021.3,-1.2,36,1.8,3.3,,nšhtusteta,,0.0,30.5,2018-09-04 1:00:00
Valga,13.6,95,1020.5,-1.6,38,1.1,2.7,,nšhtusteta,,0.0,10.4,2018-09-04 2:00:00
Valga,13.7,97,1020.0,-1.6,32,1.3,2.6,,nšhtusteta,,0.0,20.3,2018-09-04 3:00:00
Valga,13.1,98,1020.0,-1.3,38,1.5,2.6,,uduvine,,0.0,8.0,2018-09-04 4:00:00
Valga,12.6,100,1019.7,-0.8,42,1.4,2.8,,uduvine,,0.0,5.7,2018-09-04 5:00:00
Valga,13.6,99,1019.2,-0.8,42,1.9,3.5,,uduvine,,0.0,7.7,2018-09-04 6:00:00
Valga,13.7,99,1019.2,-0.8,61,1.8,3.9,,uduvine,,0.0,7.7,2018-09-04 7:00:00
Valga,15.0,98,1018.7,-1.0,69,2.6,5.1,,nšhtusteta,,0.0,13.2,2018-09-04 8:00:00
Valga,15.5,96,1017.7,-1.5,57,2.8,4.7,,vihm,,0.1,13.3,2018-09-04 9:00:00
Valga,15.5,94,1017.9,-1.3,72,2.9,5.7,,nšhtusteta,,0.0,15.3,2018-09-04 10:00:00
Valga,15.0,98,1018.1,-0.6,74,2.2,6.7,,uduvine,,0.0,4.0,2018-09-04 11:00:00
Valga,15.7,96,1018.1,0.4,87,1.7,4.1,,nšhtusteta,,0.0,15.1,2018-09-04 12:00:00
Valga,17.2,90,1017.8,-0.1,107,2.8,5.1,,vihm,,0.0,31.6,2018-09-04 13:00:00
Valga,18.2,82,1017.6,-0.5,83,2.5,5.2,,nšhtusteta,,0.0,31.8,2018-09-04 14:00:00
Valga,18.5,79,1017.3,-0.8,110,2.3,5.2,,nšhtusteta,,0.0,24.3,2018-09-04 15:00:00
Valga,18.5,80,1017.2,-0.6,90,2.1,4.3,,nšhtusteta,,0.0,35.0,2018-09-04 16:00:00
Valga,18.6,79,1017.1,-0.5,82,2.1,4.8,,nšhtusteta,,0.0,35.0,2018-09-04 17:00:00
Valga,18.6,78,1017.2,-0.1,69,2.4,4.5,,nšhtusteta,,0.0,35.0,2018-09-04 18:00:00
Valga,18.1,82,1017.2,0.0,61,2.2,4.2,,nšhtusteta,,0.0,35.0,2018-09-04 19:00:00
Valga,17.3,86,1017.4,0.3,76,2.4,4.7,,nšhtusteta,,0.0,35.0,2018-09-04 20:00:00
Valga,16.2,92,1017.4,0.2,59,2.2,3.9,,nšhtusteta,,0.0,30.3,2018-09-04 21:00:00
Valga,15.4,95,1017.6,0.4,53,1.9,3.5,,nšhtusteta,,0.0,18.8,2018-09-04 22:00:00
Valga,15.2,96,1017.5,0.1,58,1.2,3.3,,nšhtusteta,,0.0,20.7,2018-09-04 23:00:00
Valga,15.1,97,1017.7,0.3,10,1.1,3.9,,műűdukas vihm,,1.6,17.6,2018-09-05 0:00:00
Valga,14.8,97,1017.4,-0.2,43,2.4,4.2,,vihm,,0.0,19.6,2018-09-05 1:00:00
Valga,14.0,99,1017.7,0.2,55,1.6,3.2,,uduvine,,0.0,10.0,2018-09-05 2:00:00
Valga,14.4,98,1017.9,0.2,3,1.5,2.8,,nšhtusteta,,0.0,17.3,2018-09-05 3:00:00
Valga,14.6,98,1018.0,0.6,40,1.6,3.3,,nšhtusteta,,0.0,19.1,2018-09-05 4:00:00
Valga,14.6,97,1017.7,0.0,41,2.1,3.7,,nšhtusteta,,0.0,22.0,2018-09-05 5:00:00
Valga,14.7,97,1017.6,-0.3,31,1.7,3.5,,nšhtusteta,,0.0,19.5,2018-09-05 6:00:00
Valga,14.9,97,1017.8,-0.2,2,1.1,3.1,,nšhtusteta,,0.0,19.5,2018-09-05 7:00:00
Valga,15.0,97,1018.3,0.6,35,1.3,2.8,,nšhtusteta,,0.0,10.7,2018-09-05 8:00:00
Valga,15.0,100,1018.2,0.6,36,2.6,3.9,,uduvine,,0.0,6.0,2018-09-05 9:00:00
Valga,15.7,98,1018.9,1.1,65,2.1,4.1,,uduvine,,0.0,9.6,2018-09-05 10:00:00
Valga,16.2,98,1019.4,1.1,75,1.0,3.7,,uduvine,,0.0,6.0,2018-09-05 11:00:00
Valga,16.6,99,1019.3,1.1,61,1.4,2.6,,uduvine,,0.0,5.6,2018-09-05 12:00:00
Valga,18.8,83,1019.0,0.1,11,1.9,4.3,,nšhtusteta,,0.0,17.3,2018-09-05 13:00:00
Valga,20.6,75,1018.7,-0.7,22,2.1,4.3,,nšhtusteta,,0.0,27.5,2018-09-05 14:00:00
Valga,20.6,75,1018.6,-0.7,37,2.4,4.0,,nšhtusteta,,0.0,28.2,2018-09-05 15:00:00
Valga,20.7,74,1018.6,-0.4,31,2.2,4.4,,nšhtusteta,,0.0,27.2,2018-09-05 16:00:00
Valga,21.1,73,1018.6,-0.1,43,1.8,4.1,,nšhtusteta,,0.0,30.7,2018-09-05 17:00:00
Valga,19.8,83,1018.8,0.2,6,1.8,3.8,,nšhtusteta,,0.0,31.8,2018-09-05 18:00:00
Valga,19.3,84,1018.8,0.2,27,1.9,4.2,,nšhtusteta,,0.0,31.5,2018-09-05 19:00:00
Valga,18.6,88,1018.9,0.3,23,1.9,4.3,,nšhtusteta,,0.0,25.3,2018-09-05 20:00:00
Valga,17.8,92,1019.3,0.5,37,1.0,4.1,,nšhtusteta,,0.0,19.4,2018-09-05 21:00:00
Valga,17.4,93,1019.2,0.4,51,1.8,2.9,,nšhtusteta,,0.0,15.9,2018-09-05 22:00:00
Valga,17.3,94,1019.2,0.3,47,1.2,2.9,,nšhtusteta,,0.0,14.1,2018-09-05 23:00:00
Valga,16.9,96,1018.9,-0.4,46,1.1,2.2,,nšhtusteta,,0.0,12.7,2018-09-06 0:00:00
Valga,16.7,97,1019.0,-0.2,63,1.3,2.5,,nšhtusteta,,0.0,10.9,2018-09-06 1:00:00
Valga,16.2,99,1019.0,-0.2,25,1.1,2.2,,uduvine,,0.0,7.1,2018-09-06 2:00:00
Valga,15.7,99,1018.9,0.0,57,1.6,2.4,,uduvine,,0.0,5.1,2018-09-06 3:00:00
Valga,15.2,100,1018.7,-0.3,37,1.4,2.3,,udu,,0.0,3.7,2018-09-06 4:00:00
Valga,14.6,100,1018.7,-0.3,29,0.7,2.1,,udu,,0.0,0.16,2018-09-06 5:00:00
Valga,13.7,100,1018.7,-0.2,63,1.0,1.6,,udu,,0.0,0.17,2018-09-06 6:00:00
Valga,13.4,100,1018.5,-0.2,71,0.7,1.3,,udu,,0.0,0.27,2018-09-06 7:00:00
Valga,14.5,100,1018.6,-0.1,47,1.5,2.7,,udu,,0.0,0.2,2018-09-06 8:00:00
Valga,15.4,100,1018.6,-0.1,60,2.2,3.6,,udu,,0.0,0.38,2018-09-06 9:00:00
Valga,16.7,100,1018.5,0.0,68,2.1,4.0,,udu,,0.0,3.4,2018-09-06 10:00:00
Valga,18.4,93,1018.6,0.0,53,2.0,3.7,,nšhtusteta,,0.0,26.2,2018-09-06 11:00:00
Valga,21.4,80,1018.4,-0.2,72,1.5,3.1,,nšhtusteta,,0.0,29.6,2018-09-06 12:00:00
Valga,23.6,70,1018.0,-0.5,38,1.3,3.4,,nšhtusteta,,0.0,27.6,2018-09-06 13:00:00
Valga,24.6,62,1017.5,-1.1,59,2.0,3.5,,nšhtusteta,,0.0,20.8,2018-09-06 14:00:00
Valga,26.4,48,1017.2,-1.2,112,1.6,5.1,,nšhtusteta,,0.0,35.0,2018-09-06 15:00:00
Valga,26.2,44,1016.9,-1.1,115,2.4,5.9,,nšhtusteta,,0.0,35.0,2018-09-06 16:00:00
Valga,26.3,44,1016.5,-1.0,124,2.3,5.4,,nšhtusteta,,0.0,35.0,2018-09-06 17:00:00
Valga,25.6,41,1016.4,-0.8,134,1.8,4.8,,nšhtusteta,,0.0,35.0,2018-09-06 18:00:00
Valga,24.3,48,1016.5,-0.4,119,1.2,3.8,,nšhtusteta,,0.0,23.2,2018-09-06 19:00:00
Valga,18.9,82,1016.8,0.3,27,0.7,1.6,,nšhtusteta,,0.0,25.3,2018-09-06 20:00:00
Valga,16.7,87,1017.1,0.7,24,0.7,1.6,,nšhtusteta,,0.0,30.3,2018-09-06 21:00:00
Valga,15.8,90,1017.4,0.9,55,1.1,2.1,,nšhtusteta,,0.0,25.3,2018-09-06 22:00:00
Valga,14.8,94,1017.5,0.7,46,1.2,1.7,,nšhtusteta,,0.0,17.7,2018-09-06 23:00:00
Valga,14.0,96,1017.5,0.4,40,0.6,1.5,,nšhtusteta,,0.0,15.5,2018-09-07 0:00:00
Valga,13.1,98,1017.6,0.2,42,0.6,1.4,,nšhtusteta,,0.0,14.6,2018-09-07 1:00:00
Valga,12.3,99,1017.7,0.2,54,0.9,1.6,,uduvine,,0.0,11.2,2018-09-07 2:00:00
Valga,12.2,99,1017.6,0.1,59,0.8,1.8,,uduvine,,0.0,5.4,2018-09-07 3:00:00
Valga,11.9,100,1017.7,0.1,71,1.5,2.0,,uduvine,,0.0,6.5,2018-09-07 4:00:00
Valga,11.4,100,1017.6,-0.1,65,1.4,2.0,,uduvine,,0.0,3.3,2018-09-07 5:00:00
Valga,11.2,99,1017.5,-0.1,72,1.1,2.1,,nšhtusteta,,0.0,9.9,2018-09-07 6:00:00
Valga,12.1,97,1017.6,-0.1,62,1.1,1.9,,nšhtusteta,,0.0,15.3,2018-09-07 7:00:00
Valga,13.3,94,1017.6,0.0,54,1.5,2.1,,nšhtusteta,,0.0,26.3,2018-09-07 8:00:00
Valga,15.6,84,1017.5,0.0,63,1.9,2.9,,nšhtusteta,,0.0,22.2,2018-09-07 9:00:00
Valga,18.0,78,1017.5,-0.1,62,1.5,2.6,,nšhtusteta,,0.0,35.0,2018-09-07 10:00:00
Valga,19.2,67,1017.6,0.0,93,2.1,4.4,,nšhtusteta,,0.0,35.0,2018-09-07 11:00:00
Valga,20.7,65,1017.4,-0.1,96,2.2,4.5,,nšhtusteta,,0.0,30.8,2018-09-07 12:00:00
Valga,22.1,62,1017.4,-0.1,94,2.3,5.0,,nšhtusteta,,0.0,32.2,2018-09-07 13:00:00
Valga,23.9,50,1017.4,-0.2,124,3.0,5.5,,nšhtusteta,,0.0,32.3,2018-09-07 14:00:00
Valga,24.7,48,1017.3,-0.1,117,2.9,5.3,,nšhtusteta,,0.0,35.0,2018-09-07 15:00:00
Valga,25.8,41,1017.0,-0.4,162,2.6,5.1,,nšhtusteta,,0.0,35.0,2018-09-07 16:00:00
Valga,25.0,47,1016.9,-0.5,146,1.8,6.2,,nšhtusteta,,0.0,20.3,2018-09-07 17:00:00
Valga,24.9,50,1016.8,-0.5,92,1.7,3.2,,nšhtusteta,,0.0,26.9,2018-09-07 18:00:00
Valga,22.6,58,1017.0,0.0,89,1.4,3.1,,nšhtusteta,,0.0,10.6,2018-09-07 19:00:00
Valga,19.3,76,1017.2,0.3,51,1.0,1.6,,nšhtusteta,,0.0,20.4,2018-09-07 20:00:00
Valga,17.5,82,1017.6,0.8,54,1.0,1.9,,nšhtusteta,,0.0,24.2,2018-09-07 21:00:00
Valga,15.4,90,1018.0,1.0,49,0.8,1.2,,nšhtusteta,,0.0,23.2,2018-09-07 22:00:00
Valga,14.2,91,1018.0,0.8,4,0.6,0.8,,nšhtusteta,,0.0,22.1,2018-09-07 23:00:00
Valga,13.1,94,1018.4,0.8,299,0.4,0.7,,nšhtusteta,,0.0,21.3,2018-09-08 0:00:00
Valga,12.0,97,1018.6,0.6,48,0.4,0.8,,nšhtusteta,,0.0,12.1,2018-09-08 1:00:00
Valga,11.7,96,1018.5,0.5,18,0.6,1.2,,nšhtusteta,,0.0,18.5,2018-09-08 2:00:00
Valga,11.1,98,1018.8,0.4,356,0.5,1.0,,nšhtusteta,,0.0,10.9,2018-09-08 3:00:00
Valga,11.2,98,1018.8,0.2,29,0.6,0.9,,uduvine,,0.0,9.6,2018-09-08 4:00:00
Valga,10.9,98,1018.9,0.4,55,0.5,1.3,,uduvine,,0.0,9.0,2018-09-08 5:00:00
Valga,10.7,99,1018.9,0.1,60,0.8,1.9,,uduvine,,0.0,9.8,2018-09-08 6:00:00
Valga,10.6,98,1019.0,0.2,47,1.3,1.9,,uduvine,,0.0,7.9,2018-09-08 7:00:00
Valga,12.3,93,1019.1,0.2,56,0.8,1.6,,nšhtusteta,,0.0,14.5,2018-09-08 8:00:00
Valga,15.0,88,1019.2,0.3,70,1.2,2.1,,nšhtusteta,,0.0,35.0,2018-09-08 9:00:00
Valga,18.8,75,1019.3,0.3,120,0.9,2.0,,nšhtusteta,,0.0,35.0,2018-09-08 10:00:00
Valga,20.6,64,1019.5,0.4,177,1.6,3.1,,nšhtusteta,,0.0,24.2,2018-09-08 11:00:00
Valga,23.3,54,1019.3,0.1,133,2.0,3.5,,nšhtusteta,,0.0,30.4,2018-09-08 12:00:00
Valga,23.9,49,1019.3,0.0,151,2.8,5.2,,nšhtusteta,,0.0,33.8,2018-09-08 13:00:00
Valga,25.5,39,1019.1,-0.4,166,2.7,6.4,,nšhtusteta,,0.0,35.0,2018-09-08 14:00:00
Valga,25.6,35,1019.0,-0.3,159,3.7,6.5,,nšhtusteta,,0.0,27.9,2018-09-08 15:00:00
Valga,25.8,33,1019.0,-0.3,168,3.2,6.6,,nšhtusteta,,0.0,32.5,2018-09-08 16:00:00
Valga,25.6,33,1019.0,-0.1,177,3.3,8.0,,nšhtusteta,,0.0,32.7,2018-09-08 17:00:00
Valga,24.6,40,1019.2,0.2,153,1.8,4.9,,nšhtusteta,,0.0,24.5,2018-09-08 18:00:00
Valga,22.5,49,1019.2,0.2,127,1.1,2.8,,pűuavine,,0.0,17.5,2018-09-08 19:00:00
Valga,18.6,79,1019.5,0.5,50,0.6,1.5,,nšhtusteta,,0.0,25.7,2018-09-08 20:00:00
Valga,16.6,84,1019.8,0.6,219,0.4,1.0,,nšhtusteta,,0.0,19.5,2018-09-08 21:00:00
Valga,16.5,82,1020.2,1.0,209,0.7,1.8,,nšhtusteta,,0.0,22.5,2018-09-08 22:00:00
Valga,16.0,85,1020.4,0.9,22,0.4,1.2,,nšhtusteta,,0.0,23.3,2018-09-08 23:00:00
Valga,15.1,88,1020.6,0.8,315,0.6,1.2,,nšhtusteta,,0.0,20.4,2018-09-09 0:00:00
Valga,14.0,91,1020.7,0.5,295,0.4,1.3,,nšhtusteta,,0.0,21.2,2018-09-09 1:00:00
Valga,13.5,91,1020.8,0.4,318,0.2,0.7,,nšhtusteta,,0.0,19.0,2018-09-09 2:00:00
Valga,13.3,93,1020.9,0.3,4,0.3,1.2,,nšhtusteta,,0.0,14.0,2018-09-09 3:00:00
Valga,12.9,96,1021.0,0.3,274,0.4,1.4,,nšhtusteta,,0.0,16.7,2018-09-09 4:00:00
Valga,12.5,96,1021.1,0.3,266,0.2,0.7,,nšhtusteta,,0.0,14.5,2018-09-09 5:00:00
Valga,12.2,97,1021.1,0.2,80,0.1,0.8,,nšhtusteta,,0.0,15.8,2018-09-09 6:00:00
Valga,12.1,97,1021.4,0.4,258,0.7,1.4,,nšhtusteta,,0.0,11.7,2018-09-09 7:00:00
Valga,13.8,92,1021.5,0.4,185,0.2,0.7,,nšhtusteta,,0.0,19.6,2018-09-09 8:00:00
Valga,15.1,87,1021.7,0.6,214,0.7,1.4,,nšhtusteta,,0.0,20.2,2018-09-09 9:00:00
Valga,16.7,82,1021.9,0.5,275,0.4,1.6,,nšhtusteta,,0.0,23.3,2018-09-09 10:00:00
Valga,19.6,72,1021.9,0.4,232,0.4,1.7,,nšhtusteta,,0.0,20.9,2018-09-09 11:00:00
Valga,20.4,65,1021.9,0.2,232,0.5,1.3,,nšhtusteta,,0.0,29.5,2018-09-09 12:00:00
Valga,21.3,55,1022.0,0.1,273,0.8,2.0,,nšhtusteta,,0.0,35.0,2018-09-09 13:00:00
Valga,22.4,54,1021.9,0.0,268,0.9,2.8,,nšhtusteta,,0.0,35.0,2018-09-09 14:00:00
Valga,23.4,47,1022.0,0.1,277,1.5,2.9,,nšhtusteta,,0.0,26.6,2018-09-09 15:00:00
Valga,22.8,58,1021.8,-0.2,279,3.2,5.2,,nšhtusteta,,0.0,34.2,2018-09-09 16:00:00
Valga,22.2,62,1022.0,0.1,274,2.4,4.5,,nšhtusteta,,0.0,25.0,2018-09-09 17:00:00
Valga,21.3,68,1022.2,0.2,317,1.1,4.2,,nšhtusteta,,0.0,32.0,2018-09-09 18:00:00
Valga,20.4,77,1022.4,0.6,311,1.4,2.7,,nšhtusteta,,0.0,23.5,2018-09-09 19:00:00
Valga,18.8,78,1022.4,0.4,326,1.1,2.9,,nšhtusteta,,0.0,28.0,2018-09-09 20:00:00
Valga,17.9,79,1022.8,0.6,336,1.6,3.5,,nšhtusteta,,0.0,27.5,2018-09-09 21:00:00
Valga,17.4,86,1023.1,0.7,342,1.5,3.4,,nšhtusteta,,0.0,31.1,2018-09-09 22:00:00
Valga,17.3,89,1023.3,0.9,25,1.3,2.6,,nšhtusteta,,0.0,28.1,2018-09-09 23:00:00
Valga,16.4,94,1023.4,0.6,57,2.3,3.6,,nšhtusteta,,0.0,17.6,2018-09-10 0:00:00
Valga,15.8,82,1023.6,0.5,15,1.1,2.7,,nšhtusteta,,0.0,31.1,2018-09-10 1:00:00
Valga,14.6,88,1023.3,0.0,25,1.0,1.5,,nšhtusteta,,0.0,30.9,2018-09-10 2:00:00
Valga,14.1,88,1023.2,-0.2,30,1.2,2.6,,nšhtusteta,,0.0,31.0,2018-09-10 3:00:00
Valga,13.6,91,1023.1,-0.5,41,0.7,2.3,,nšhtusteta,,0.0,28.5,2018-09-10 4:00:00
Valga,12.7,95,1023.0,-0.3,51,0.7,2.1,,nšhtusteta,,0.0,17.2,2018-09-10 5:00:00
Valga,12.9,95,1022.9,-0.3,33,0.8,1.5,,nšhtusteta,,0.0,24.7,2018-09-10 6:00:00
Valga,12.8,96,1023.0,-0.1,350,0.7,1.4,,nšhtusteta,,0.0,19.1,2018-09-10 7:00:00
Valga,13.8,94,1022.9,-0.1,77,0.6,1.3,,nšhtusteta,,0.0,25.2,2018-09-10 8:00:00
Valga,14.3,94,1022.9,0.0,67,1.0,1.9,,nšhtusteta,,0.0,18.5,2018-09-10 9:00:00
Valga,15.6,91,1023.1,0.1,62,1.4,2.5,,nšhtusteta,,0.0,29.5,2018-09-10 10:00:00
Valga,16.6,88,1023.1,0.2,64,2.3,3.8,,nšhtusteta,,0.0,26.1,2018-09-10 11:00:00
Valga,18.3,81,1022.8,-0.1,87,1.5,3.8,,nšhtusteta,,0.0,35.0,2018-09-10 12:00:00
Valga,19.0,79,1022.4,-0.7,144,1.0,3.2,,nšhtusteta,,0.0,25.1,2018-09-10 13:00:00
Valga,19.7,77,1022.1,-1.0,112,1.6,3.7,,nšhtusteta,,0.0,31.8,2018-09-10 14:00:00
Valga,21.3,69,1021.6,-1.2,111,2.0,4.8,,nšhtusteta,,0.0,19.4,2018-09-10 15:00:00
Valga,21.2,68,1021.2,-1.2,101,1.8,5.3,,nšhtusteta,,0.0,35.0,2018-09-10 16:00:00
Valga,20.9,70,1021.0,-1.1,109,1.6,3.9,,nűrk vihm,,0.0,8.5,2018-09-10 17:00:00
Valga,19.3,89,1021.0,-0.6,34,0.9,2.9,,vihm,,1.1,35.0,2018-09-10 18:00:00
Valga,18.5,89,1021.0,-0.2,126,0.6,2.1,,nšhtusteta,,0.0,15.1,2018-09-10 19:00:00
Valga,15.1,94,1021.5,0.5,84,1.5,8.9,,tugev hoogvihm,,7.9,5.5,2018-09-10 20:00:00
Valga,14.4,97,1021.7,0.7,260,0.3,5.5,,vihm,,0.9,4.5,2018-09-10 21:00:00
Valga,14.0,98,1021.4,0.4,4,0.6,2.2,,uduvine,,0.0,6.0,2018-09-10 22:00:00
Valga,13.7,99,1021.4,-0.1,43,1.3,2.3,,uduvine,,0.0,1.8,2018-09-10 23:00:00
Valga,13.6,99,1021.5,-0.2,79,1.0,2.1,,uduvine,,0.0,1.9,2018-09-11 0:00:00
Valga,13.3,99,1021.0,-0.4,81,1.3,2.2,,uduvine,,0.0,4.3,2018-09-11 1:00:00
Valga,13.0,99,1020.4,-1.0,70,1.4,2.1,,uduvine,,0.0,5.0,2018-09-11 2:00:00
Valga,12.6,100,1020.4,-1.1,96,1.0,2.3,,uduvine,,0.0,8.9,2018-09-11 3:00:00
Valga,13.4,97,1020.1,-0.9,163,1.3,2.7,,nšhtusteta,,0.0,7.5,2018-09-11 4:00:00
Valga,13.8,96,1019.8,-0.6,159,1.7,4.2,,nšhtusteta,,0.0,17.5,2018-09-11 5:00:00
Valga,13.0,97,1019.6,-0.8,159,1.6,3.3,,nšhtusteta,,0.0,12.4,2018-09-11 6:00:00
Valga,12.9,97,1019.7,-0.4,160,1.2,3.0,,nšhtusteta,,0.0,12.9,2018-09-11 7:00:00
Valga,13.7,96,1019.4,-0.4,133,1.7,3.1,,nšhtusteta,,0.0,14.6,2018-09-11 8:00:00
Valga,15.0,91,1019.3,-0.3,142,1.5,3.2,,nšhtusteta,,0.0,30.6,2018-09-11 9:00:00
Valga,16.6,83,1019.0,-0.7,157,2.1,3.6,,nšhtusteta,,0.0,22.8,2018-09-11 10:00:00
Valga,18.7,78,1018.6,-0.8,152,2.3,3.5,,nšhtusteta,,0.0,22.8,2018-09-11 11:00:00
Valga,19.6,74,1018.3,-1.0,153,3.0,5.4,,nšhtusteta,,0.0,25.5,2018-09-11 12:00:00
Valga,21.0,68,1017.8,-1.2,158,3.0,5.3,,nšhtusteta,,0.0,23.0,2018-09-11 13:00:00
Valga,20.6,67,1017.0,-1.6,158,3.2,6.2,,nšhtusteta,,0.0,35.0,2018-09-11 14:00:00
Valga,19.6,75,1016.4,-1.9,218,2.5,7.9,,Łlitugev hoogvihm,,0.6,6.5,2018-09-11 15:00:00
Valga,18.9,73,1015.9,-1.9,210,3.2,9.0,,nűrk hoogvihm,,1.6,35.0,2018-09-11 16:00:00
Valga,20.2,72,1015.2,-1.8,220,2.6,4.5,,nšhtusteta,,0.0,35.0,2018-09-11 17:00:00
Valga,18.5,78,1014.9,-1.5,170,2.3,6.6,,nšhtusteta,,0.0,35.0,2018-09-11 18:00:00
Valga,17.0,87,1014.6,-1.3,178,1.8,4.4,,nšhtusteta,,0.0,25.2,2018-09-11 19:00:00
Valga,16.7,88,1013.9,-1.3,174,2.0,4.0,,nšhtusteta,,0.0,23.9,2018-09-11 20:00:00
Valga,16.8,87,1012.6,-2.3,189,2.5,4.8,,nšhtusteta,,0.0,13.7,2018-09-11 21:00:00
Valga,16.8,87,1011.6,-3.0,199,2.1,6.0,,vihm,,0.0,26.2,2018-09-11 22:00:00
Valga,17.0,81,1010.7,-3.2,183,2.4,4.1,,nšhtusteta,,0.0,33.7,2018-09-11 23:00:00
Valga,17.1,76,1009.7,-2.9,194,3.7,7.1,,nšhtusteta,,0.0,35.0,2018-09-12 0:00:00
Valga,17.7,65,1008.5,-3.1,215,4.6,10.1,,nšhtusteta,,0.0,35.0,2018-09-12 1:00:00
Valga,16.8,69,1007.8,-2.9,231,6.5,12.8,,nűrk hoogvihm,,0.0,35.0,2018-09-12 2:00:00
Valga,15.0,89,1006.5,-3.2,209,5.6,14.0,,nűrk hoogvihm,,0.1,23.0,2018-09-12 3:00:00
Valga,14.9,95,1005.7,-2.8,220,5.2,11.2,,nűrk hoogvihm,,0.1,13.4,2018-09-12 4:00:00
Valga,15.3,93,1005.4,-2.4,230,5.3,10.9,,nűrk hoogvihm,,0.2,15.3,2018-09-12 5:00:00
Valga,15.4,91,1005.6,-0.9,232,4.9,12.3,,vihm,,0.1,35.0,2018-09-12 6:00:00
Valga,15.6,84,1006.4,0.7,247,4.4,11.0,,nšhtusteta,,0.0,35.0,2018-09-12 7:00:00
Valga,15.3,83,1006.5,1.1,235,3.9,9.1,,nšhtusteta,,0.0,35.0,2018-09-12 8:00:00
Valga,15.6,81,1006.9,1.3,235,4.2,9.8,,nšhtusteta,,0.0,35.0,2018-09-12 9:00:00
Valga,16.5,75,1006.8,0.4,239,5.8,11.1,,nšhtusteta,,0.0,31.4,2018-09-12 10:00:00
Valga,17.1,65,1007.4,0.9,253,6.3,13.1,,nšhtusteta,,0.0,35.0,2018-09-12 11:00:00
Valga,17.5,59,1007.5,0.6,242,6.9,14.8,,nšhtusteta,,0.0,35.0,2018-09-12 12:00:00
Valga,18.1,58,1007.8,1.0,260,5.9,16.0,,nšhtusteta,,0.1,35.0,2018-09-12 13:00:00
Valga,17.9,55,1008.3,0.9,255,6.1,16.0,,nšhtusteta,,0.0,35.0,2018-09-12 14:00:00
Valga,18.7,50,1008.2,0.7,253,6.5,14.2,,nšhtusteta,,0.0,25.2,2018-09-12 15:00:00
Valga,18.4,53,1008.1,0.3,250,7.2,14.2,,nšhtusteta,,0.0,35.0,2018-09-12 16:00:00
Valga,18.1,57,1008.0,-0.3,247,4.5,12.4,,nšhtusteta,,0.0,31.5,2018-09-12 17:00:00
Valga,17.5,60,1007.7,-0.5,245,4.9,13.4,,nšhtusteta,,0.0,35.0,2018-09-12 18:00:00
Valga,17.0,61,1007.6,-0.5,250,5.1,11.2,,nšhtusteta,,0.0,35.0,2018-09-12 19:00:00
Valga,16.1,63,1008.0,0.0,261,6.4,13.1,,nűrk vihm,,0.0,20.2,2018-09-12 20:00:00
Valga,15.8,63,1008.0,0.3,249,4.5,11.2,,vihm,,0.0,35.0,2018-09-12 21:00:00
Valga,14.1,80,1008.7,1.1,248,5.8,13.5,,nűrk hoogvihm,,0.1,35.0,2018-09-12 22:00:00
Valga,13.1,86,1009.0,1.0,236,4.1,9.0,,nšhtusteta,,0.0,35.0,2018-09-12 23:00:00
Valga,13.3,81,1009.2,1.2,241,3.3,8.7,,nšhtusteta,,0.0,35.0,2018-09-13 0:00:00
Valga,13.4,81,1009.7,1.0,245,2.9,7.3,,nűrk vihm,,0.0,14.8,2018-09-13 1:00:00
Valga,11.7,89,1010.1,1.1,256,3.8,11.6,,vihm,,1.6,35.0,2018-09-13 2:00:00
Valga,11.8,88,1010.5,1.3,234,3.1,6.0,,nšhtusteta,,0.0,35.0,2018-09-13 3:00:00
Valga,11.7,89,1010.8,1.1,239,3.0,6.9,,nšhtusteta,,0.0,35.0,2018-09-13 4:00:00
Valga,11.7,88,1011.0,0.9,245,3.2,7.7,,nšhtusteta,,0.0,35.0,2018-09-13 5:00:00
Valga,11.5,89,1011.4,0.9,243,3.4,7.2,,nšhtusteta,,0.0,35.0,2018-09-13 6:00:00
Valga,11.4,89,1012.0,1.2,238,3.6,6.8,,nšhtusteta,,0.0,32.7,2018-09-13 7:00:00
Valga,12.1,84,1012.6,1.6,239,4.5,7.9,,nšhtusteta,,0.0,31.7,2018-09-13 8:00:00
Valga,12.6,82,1013.0,1.6,237,4.8,10.2,,nšhtusteta,,0.0,30.5,2018-09-13 9:00:00
Valga,14.1,76,1013.5,1.5,243,4.0,11.5,,nšhtusteta,,0.0,35.0,2018-09-13 10:00:00
Valga,15.4,67,1014.3,1.7,254,6.5,12.1,,nšhtusteta,,0.0,35.0,2018-09-13 11:00:00
Valga,16.1,64,1015.2,2.2,258,5.4,11.1,,nšhtusteta,,0.0,24.6,2018-09-13 12:00:00
Valga,16.5,64,1015.9,2.4,254,3.8,11.8,,nšhtusteta,,0.0,35.0,2018-09-13 13:00:00
Valga,17.1,57,1016.2,1.9,255,5.9,12.0,,nšhtusteta,,0.0,35.0,2018-09-13 14:00:00
Valga,17.6,56,1016.4,1.2,263,4.5,10.9,,nšhtusteta,,0.0,35.0,2018-09-13 15:00:00
Valga,17.6,55,1016.5,0.6,253,5.4,10.8,,nšhtusteta,,0.0,35.0,2018-09-13 16:00:00
Valga,17.1,57,1016.6,0.4,257,5.3,10.3,,nšhtusteta,,0.0,34.3,2018-09-13 17:00:00
Valga,16.4,58,1016.6,0.2,267,3.8,8.7,,nšhtusteta,,0.0,35.0,2018-09-13 18:00:00
Valga,15.8,63,1016.6,0.1,260,2.5,6.2,,nšhtusteta,,0.0,35.0,2018-09-13 19:00:00
Valga,13.8,75,1016.6,0.0,256,1.3,3.5,,nšhtusteta,,0.0,35.0,2018-09-13 20:00:00
Valga,10.7,91,1016.9,0.3,220,0.9,1.7,,nšhtusteta,,0.0,35.0,2018-09-13 21:00:00
Valga,9.4,96,1017.1,0.5,212,0.8,2.1,,nšhtusteta,,0.0,28.8,2018-09-13 22:00:00
Valga,8.3,98,1017.0,0.4,325,0.2,1.7,,nšhtusteta,,0.0,29.3,2018-09-13 23:00:00
Valga,7.6,99,1017.3,0.4,165,0.6,1.1,,nšhtusteta,,0.0,3.8,2018-09-14 0:00:00
Valga,8.4,98,1017.5,0.4,222,0.8,1.4,,nšhtusteta,,0.0,28.6,2018-09-14 1:00:00
Valga,8.1,98,1017.5,0.5,224,0.9,1.9,,nšhtusteta,,0.0,25.6,2018-09-14 2:00:00
Valga,7.9,97,1017.2,-0.1,222,1.1,2.0,,nšhtusteta,,0.0,24.5,2018-09-14 3:00:00
Valga,8.1,97,1017.4,-0.1,205,1.7,2.7,,nšhtusteta,,0.0,33.9,2018-09-14 4:00:00
Valga,7.7,97,1017.3,-0.2,196,1.7,2.6,,nšhtusteta,,0.0,19.7,2018-09-14 5:00:00
Valga,7.3,97,1017.4,0.2,207,1.4,2.8,,nšhtusteta,,0.0,27.0,2018-09-14 6:00:00
Valga,7.0,98,1017.5,0.1,203,1.8,2.8,,nšhtusteta,,0.0,21.6,2018-09-14 7:00:00
Valga,8.4,95,1017.4,0.1,213,1.7,3.3,,nšhtusteta,,0.0,23.3,2018-09-14 8:00:00
Valga,10.0,92,1017.5,0.1,200,2.0,3.1,,nšhtusteta,,0.0,29.0,2018-09-14 9:00:00
Valga,12.9,83,1017.6,0.1,208,1.8,4.6,,nšhtusteta,,0.0,21.5,2018-09-14 10:00:00
Valga,13.8,76,1017.8,0.4,256,3.3,6.9,,nšhtusteta,,0.0,35.0,2018-09-14 11:00:00
Valga,15.5,71,1017.9,0.4,237,3.5,5.7,,nšhtusteta,,0.0,35.0,2018-09-14 12:00:00
Valga,15.9,65,1017.8,0.2,245,3.6,6.3,,nšhtusteta,,0.0,35.0,2018-09-14 13:00:00
Valga,17.0,56,1017.6,-0.2,249,4.6,9.0,,nšhtusteta,,0.0,35.0,2018-09-14 14:00:00
Valga,17.0,58,1017.5,-0.4,267,4.0,8.3,,nšhtusteta,,0.0,35.0,2018-09-14 15:00:00
Valga,16.7,58,1017.6,-0.2,267,3.2,8.4,,nšhtusteta,,0.0,35.0,2018-09-14 16:00:00
Valga,16.6,57,1017.7,0.1,262,3.1,8.4,,nšhtusteta,,0.0,35.0,2018-09-14 17:00:00
Valga,16.8,58,1017.6,0.1,250,2.5,6.1,,nšhtusteta,,0.0,25.4,2018-09-14 18:00:00
Valga,15.8,63,1017.8,0.2,243,1.9,6.7,,nšhtusteta,,0.0,35.0,2018-09-14 19:00:00
Valga,12.4,83,1018.0,0.3,205,0.8,3.4,,nšhtusteta,,0.0,30.2,2018-09-14 20:00:00
Valga,10.9,90,1018.3,0.7,207,1.2,1.8,,nšhtusteta,,0.0,25.9,2018-09-14 21:00:00
Valga,10.9,87,1018.3,0.5,212,1.4,2.2,,nšhtusteta,,0.0,35.0,2018-09-14 22:00:00
Valga,9.1,92,1018.4,0.4,207,1.1,2.1,,nšhtusteta,,0.0,35.0,2018-09-14 23:00:00
Valga,8.1,95,1018.5,0.2,209,0.8,1.5,,nšhtusteta,,0.0,32.9,2018-09-15 0:00:00
Valga,8.5,92,1018.7,0.4,208,1.1,2.0,,nšhtusteta,,0.0,35.0,2018-09-15 1:00:00
Valga,8.3,93,1018.6,0.2,209,1.0,2.3,,nšhtusteta,,0.0,35.0,2018-09-15 2:00:00
Valga,7.7,95,1018.5,0.0,211,0.5,1.0,,nšhtusteta,,0.0,35.0,2018-09-15 3:00:00
Valga,8.3,93,1018.3,-0.4,204,1.2,1.8,,nšhtusteta,,0.0,33.7,2018-09-15 4:00:00
Valga,8.3,93,1018.0,-0.6,220,1.2,2.5,,nšhtusteta,,0.0,35.0,2018-09-15 5:00:00
Valga,7.9,94,1017.8,-0.7,224,1.0,2.3,,nšhtusteta,,0.0,34.2,2018-09-15 6:00:00
Valga,7.8,95,1017.8,-0.5,218,1.4,2.8,,nšhtusteta,,0.0,29.7,2018-09-15 7:00:00
Valga,8.9,93,1017.7,-0.3,202,1.8,3.1,,nšhtusteta,,0.0,26.7,2018-09-15 8:00:00
Valga,11.4,86,1017.5,-0.3,200,2.6,4.2,,nšhtusteta,,0.0,35.0,2018-09-15 9:00:00
Valga,14.0,77,1017.3,-0.5,190,2.6,4.6,,nšhtusteta,,0.0,32.0,2018-09-15 10:00:00
Valga,16.0,59,1016.9,-0.8,209,4.6,7.8,,nšhtusteta,,0.0,29.7,2018-09-15 11:00:00
Valga,17.2,56,1016.6,-0.9,227,3.2,7.3,,nšhtusteta,,0.0,35.0,2018-09-15 12:00:00
Valga,17.7,54,1016.2,-1.1,214,3.1,9.3,,nšhtusteta,,0.0,35.0,2018-09-15 13:00:00
Valga,17.6,52,1015.7,-1.2,219,3.8,7.6,,nšhtusteta,,0.0,35.0,2018-09-15 14:00:00
Valga,17.5,59,1015.1,-1.5,219,1.9,6.7,,nšhtusteta,,0.0,35.0,2018-09-15 15:00:00
Valga,17.8,50,1014.4,-1.8,210,2.6,5.6,,nšhtusteta,,0.0,27.5,2018-09-15 16:00:00
Valga,17.5,49,1013.9,-1.8,197,4.0,7.4,,nšhtusteta,,0.0,27.6,2018-09-15 17:00:00
Valga,17.1,53,1013.4,-1.7,188,3.1,6.2,,nšhtusteta,,0.0,35.0,2018-09-15 18:00:00
Valga,15.3,61,1013.2,-1.2,184,1.8,6.3,,nšhtusteta,,0.0,32.8,2018-09-15 19:00:00
Valga,15.2,64,1013.1,-0.8,197,2.0,3.4,,nšhtusteta,,0.0,35.0,2018-09-15 20:00:00
Valga,14.0,78,1013.0,-0.4,200,2.3,5.1,,vihm,,0.0,35.0,2018-09-15 21:00:00
Valga,13.2,86,1012.9,-0.3,203,2.3,4.3,,nšhtusteta,,0.0,35.0,2018-09-15 22:00:00
Valga,13.0,85,1012.6,-0.5,218,3.4,5.8,,nšhtusteta,,0.0,35.0,2018-09-15 23:00:00
Valga,12.4,90,1012.6,-0.4,244,3.3,7.9,,nűrk hoogvihm,,0.1,13.3,2018-09-16 0:00:00
Valga,11.1,95,1012.4,-0.5,228,2.0,5.0,,vihm,,0.3,29.6,2018-09-16 1:00:00
Valga,10.9,95,1012.3,-0.3,233,1.6,5.7,,vihm,,0.6,35.0,2018-09-16 2:00:00
Valga,11.3,96,1012.3,-0.3,238,2.9,5.0,,uduvihm,,0.0,35.0,2018-09-16 3:00:00
Valga,10.7,95,1012.6,0.2,270,2.2,6.3,,nűrk hoogvihm,,0.4,35.0,2018-09-16 4:00:00
Valga,11.0,97,1013.2,0.9,259,2.5,5.2,,műűdukas vihm,,0.1,10.0,2018-09-16 5:00:00
Valga,10.7,95,1013.5,1.2,249,2.5,4.5,,vihm,,0.7,35.0,2018-09-16 6:00:00
Valga,9.8,97,1014.0,1.4,252,2.4,4.2,,nšhtusteta,,0.0,35.0,2018-09-16 7:00:00
Valga,10.0,96,1014.6,1.4,266,2.1,4.2,,nšhtusteta,,0.0,35.0,2018-09-16 8:00:00
Valga,11.1,91,1015.1,1.6,265,2.2,4.2,,nšhtusteta,,0.0,34.6,2018-09-16 9:00:00
Valga,13.3,83,1015.5,1.5,268,2.9,4.9,,nšhtusteta,,0.0,35.0,2018-09-16 10:00:00
Valga,14.9,72,1016.0,1.4,284,4.1,6.6,,nšhtusteta,,0.0,35.0,2018-09-16 11:00:00
Valga,15.2,66,1016.4,1.3,283,4.6,9.0,,nšhtusteta,,0.0,35.0,2018-09-16 12:00:00
Valga,14.9,57,1016.7,1.2,289,5.3,10.4,,vihm,,0.5,35.0,2018-09-16 13:00:00
Valga,16.1,50,1016.8,0.8,280,6.2,9.4,,nšhtusteta,,0.0,27.8,2018-09-16 14:00:00
Valga,16.9,48,1016.9,0.5,281,5.4,11.3,,nšhtusteta,,0.0,26.6,2018-09-16 15:00:00
Valga,16.9,46,1017.0,0.3,267,5.4,10.1,,nšhtusteta,,0.0,35.0,2018-09-16 16:00:00
Valga,16.7,50,1017.3,0.5,272,4.5,10.3,,nšhtusteta,,0.0,35.0,2018-09-16 17:00:00
Valga,14.6,60,1017.7,0.8,281,3.7,10.6,,nšhtusteta,,0.0,35.0,2018-09-16 18:00:00
Valga,14.1,59,1018.0,1.0,271,2.9,6.5,,nšhtusteta,,0.0,35.0,2018-09-16 19:00:00
Valga,11.9,72,1018.3,1.0,237,1.4,5.1,,nšhtusteta,,0.0,35.0,2018-09-16 20:00:00
Valga,10.8,72,1018.6,0.9,231,1.5,2.6,,nšhtusteta,,0.0,35.0,2018-09-16 21:00:00
Valga,9.0,85,1018.6,0.6,202,1.1,2.9,,nšhtusteta,,0.0,27.0,2018-09-16 22:00:00
Valga,7.8,91,1018.6,0.3,212,1.0,2.0,,nšhtusteta,,0.0,22.5,2018-09-16 23:00:00
Valga,7.7,93,1018.6,0.0,203,1.3,2.0,,nšhtusteta,,0.0,35.0,2018-09-17 0:00:00
Valga,7.0,95,1018.5,-0.1,209,1.0,2.0,,nšhtusteta,,0.0,35.0,2018-09-17 1:00:00
Valga,6.7,95,1018.2,-0.4,215,0.9,1.9,,nšhtusteta,,0.0,35.0,2018-09-17 2:00:00
Valga,6.1,97,1017.7,-0.9,206,1.2,2.2,,nšhtusteta,,0.0,11.0,2018-09-17 3:00:00
Valga,6.5,98,1017.4,-1.1,205,1.6,2.2,,nšhtusteta,,0.0,35.0,2018-09-17 4:00:00
Valga,7.2,96,1017.2,-1.0,205,1.9,2.6,,nšhtusteta,,0.0,35.0,2018-09-17 5:00:00
Valga,7.2,96,1016.9,-0.8,192,1.7,2.8,,nšhtusteta,,0.0,35.0,2018-09-17 6:00:00
Valga,7.2,95,1016.7,-0.7,194,1.6,3.2,,nšhtusteta,,0.0,35.0,2018-09-17 7:00:00
Valga,8.8,92,1016.2,-1.0,203,1.7,3.0,,nšhtusteta,,0.0,35.0,2018-09-17 8:00:00
Valga,10.2,88,1015.6,-1.3,205,3.4,5.0,,nšhtusteta,,0.0,35.0,2018-09-17 9:00:00
Valga,11.3,83,1015.1,-1.6,210,3.6,6.5,,nšhtusteta,,0.0,35.0,2018-09-17 10:00:00
Valga,12.3,83,1014.3,-1.9,202,3.9,7.2,,sademed,,0.0,35.0,2018-09-17 11:00:00
Valga,14.0,78,1013.4,-2.2,217,4.9,9.5,,nšhtusteta,,0.0,35.0,2018-09-17 12:00:00
Valga,13.5,88,1012.6,-2.5,219,3.9,8.9,,nűrk vihm,,0.2,20.6,2018-09-17 13:00:00
Valga,14.1,88,1011.7,-2.6,214,5.3,10.5,,műűdukas vihm,,0.9,28.0,2018-09-17 14:00:00
Valga,15.5,78,1010.7,-2.7,220,5.3,11.0,,sademed,,0.0,35.0,2018-09-17 15:00:00
Valga,15.8,77,1010.0,-2.6,226,6.6,13.5,,uduvihm,,0.0,16.3,2018-09-17 16:00:00
Valga,14.4,91,1010.6,-1.1,237,3.8,13.5,,nűrk hoogvihm,,2.7,35.0,2018-09-17 17:00:00
Valga,14.7,92,1010.6,-0.1,240,3.4,6.4,,nšhtusteta,,0.0,35.0,2018-09-17 18:00:00
Valga,14.6,91,1010.7,0.7,252,2.6,6.3,,uduvihm,,0.0,35.0,2018-09-17 19:00:00
Valga,14.5,89,1011.1,0.5,260,3.0,6.3,,vihm,,0.1,35.0,2018-09-17 20:00:00
Valga,13.9,90,1011.5,0.9,260,3.8,8.3,,nűrk vihm,,0.3,9.8,2018-09-17 21:00:00
Valga,13.4,90,1011.8,1.1,259,3.6,8.5,,vihm,,0.0,35.0,2018-09-17 22:00:00
Valga,13.1,88,1012.1,1.0,257,3.6,7.1,,nšhtusteta,,0.0,35.0,2018-09-17 23:00:00
Valga,12.6,88,1012.6,1.1,256,3.3,7.0,,nšhtusteta,,0.0,35.0,2018-09-18 0:00:00
Valga,12.5,87,1013.0,1.2,256,4.1,8.2,,nšhtusteta,,0.0,35.0,2018-09-18 1:00:00
Valga,12.0,89,1013.5,1.4,256,2.5,6.4,,nšhtusteta,,0.0,35.0,2018-09-18 2:00:00
Valga,11.6,91,1014.1,1.5,247,2.3,5.4,,nšhtusteta,,0.0,35.0,2018-09-18 3:00:00
Valga,10.8,94,1014.6,1.6,242,1.7,4.7,,nšhtusteta,,0.0,35.0,2018-09-18 4:00:00
Valga,10.5,95,1015.1,1.6,243,1.6,3.3,,nšhtusteta,,0.0,35.0,2018-09-18 5:00:00
Valga,10.3,96,1015.5,1.4,242,1.7,3.1,,nšhtusteta,,0.0,35.0,2018-09-18 6:00:00
Valga,10.0,97,1015.7,1.1,222,1.5,3.4,,nšhtusteta,,0.0,29.5,2018-09-18 7:00:00
Valga,10.8,95,1016.2,1.1,229,1.3,2.2,,nšhtusteta,,0.0,35.0,2018-09-18 8:00:00
Valga,11.8,91,1016.9,1.4,233,1.9,3.0,,nšhtusteta,,0.0,34.6,2018-09-18 9:00:00
Valga,13.1,86,1017.1,1.4,232,2.4,4.2,,nšhtusteta,,0.0,35.0,2018-09-18 10:00:00
Valga,14.8,80,1017.2,1.0,232,2.8,4.8,,nšhtusteta,,0.0,35.0,2018-09-18 11:00:00
Valga,15.4,74,1016.9,0.0,257,3.1,6.7,,nšhtusteta,,0.0,35.0,2018-09-18 12:00:00
Valga,16.6,67,1016.8,-0.3,243,3.0,7.1,,nšhtusteta,,0.0,35.0,2018-09-18 13:00:00
Valga,16.8,66,1016.8,-0.4,246,2.6,7.2,,nšhtusteta,,0.0,35.0,2018-09-18 14:00:00
Valga,17.4,65,1016.7,-0.2,245,3.1,7.0,,nšhtusteta,,0.0,35.0,2018-09-18 15:00:00
Valga,18.2,57,1016.0,-0.8,233,3.7,7.4,,nšhtusteta,,0.0,35.0,2018-09-18 16:00:00
Valga,17.8,60,1015.7,-1.1,244,3.3,7.2,,nšhtusteta,,0.0,35.0,2018-09-18 17:00:00
Valga,16.9,67,1015.4,-1.3,210,1.8,4.7,,nšhtusteta,,0.0,35.0,2018-09-18 18:00:00
Valga,16.4,73,1015.0,-1.0,184,1.2,2.4,,vihm,,0.0,35.0,2018-09-18 19:00:00
Valga,16.1,77,1015.0,-0.7,201,1.4,2.9,,nšhtusteta,,0.0,35.0,2018-09-18 20:00:00
Valga,14.8,81,1014.7,-0.7,206,1.3,2.7,,nšhtusteta,,0.0,29.6,2018-09-18 21:00:00
Valga,13.8,87,1014.5,-0.5,214,1.5,2.5,,nšhtusteta,,0.0,26.3,2018-09-18 22:00:00
Valga,13.0,91,1014.3,-0.7,213,1.5,2.1,,nšhtusteta,,0.0,23.2,2018-09-18 23:00:00
Valga,14.7,87,1014.0,-0.7,231,1.7,3.5,,nšhtusteta,,0.0,35.0,2018-09-19 0:00:00
Valga,14.5,84,1013.9,-0.6,226,2.2,3.9,,nšhtusteta,,0.0,35.0,2018-09-19 1:00:00
Valga,13.6,88,1013.9,-0.4,221,1.1,3.7,,nšhtusteta,,0.0,35.0,2018-09-19 2:00:00
Valga,12.1,92,1013.6,-0.4,207,1.2,2.1,,nšhtusteta,,0.0,31.1,2018-09-19 3:00:00
Valga,12.0,90,1013.4,-0.5,205,1.5,2.1,,nšhtusteta,,0.0,35.0,2018-09-19 4:00:00
Valga,12.0,89,1013.4,-0.5,222,1.3,2.0,,nšhtusteta,,0.0,32.8,2018-09-19 5:00:00
Valga,11.9,88,1013.0,-0.6,199,1.5,2.5,,nšhtusteta,,0.0,35.0,2018-09-19 6:00:00
Valga,11.6,87,1012.9,-0.5,203,1.4,2.2,,nšhtusteta,,0.0,34.5,2018-09-19 7:00:00
Valga,12.5,85,1012.7,-0.7,198,1.7,2.5,,nšhtusteta,,0.0,25.7,2018-09-19 8:00:00
Valga,16.1,74,1012.5,-0.5,228,2.0,4.7,,nšhtusteta,,0.0,35.0,2018-09-19 9:00:00
Valga,18.3,67,1012.3,-0.6,227,3.5,6.4,,nšhtusteta,,0.0,35.0,2018-09-19 10:00:00
Valga,20.7,60,1012.0,-0.7,225,4.2,8.2,,nšhtusteta,,0.0,29.4,2018-09-19 11:00:00
Valga,22.2,56,1011.7,-0.8,236,4.4,8.8,,nšhtusteta,,0.0,35.0,2018-09-19 12:00:00
Valga,23.5,52,1011.1,-1.2,222,4.8,8.3,,nšhtusteta,,0.0,35.0,2018-09-19 13:00:00
Valga,24.6,48,1010.9,-1.1,235,3.7,9.0,,nšhtusteta,,0.0,35.0,2018-09-19 14:00:00
Valga,25.1,46,1010.6,-1.1,235,5.1,10.5,,nšhtusteta,,0.0,35.0,2018-09-19 15:00:00
Valga,25.1,47,1010.5,-0.6,235,5.6,10.5,,nšhtusteta,,0.0,35.0,2018-09-19 16:00:00
Valga,24.6,48,1010.7,-0.2,254,4.5,9.8,,nšhtusteta,,0.0,35.0,2018-09-19 17:00:00
Valga,22.9,59,1011.3,0.7,275,3.3,8.3,,nšhtusteta,,0.0,35.0,2018-09-19 18:00:00
Valga,20.3,71,1012.0,1.5,277,3.9,9.6,,nšhtusteta,,0.0,29.7,2018-09-19 19:00:00
Valga,18.0,75,1012.7,2.0,264,2.7,9.0,,nšhtusteta,,0.0,35.0,2018-09-19 20:00:00
Valga,16.6,79,1013.1,1.8,259,2.7,5.9,,nšhtusteta,,0.0,35.0,2018-09-19 21:00:00
Valga,15.5,84,1013.5,1.5,250,2.0,4.8,,nšhtusteta,,0.0,35.0,2018-09-19 22:00:00
Valga,14.4,89,1013.5,0.8,238,1.5,3.7,,nšhtusteta,,0.0,32.6,2018-09-19 23:00:00
Valga,13.4,95,1013.9,0.8,221,1.2,2.6,,nšhtusteta,,0.0,27.6,2018-09-20 0:00:00
Valga,12.2,98,1014.3,0.8,205,1.2,1.7,,nšhtusteta,,0.0,8.4,2018-09-20 1:00:00
Valga,12.1,99,1014.4,0.9,228,0.8,2.1,,uduvine,,0.0,0.54,2018-09-20 2:00:00
Valga,12.1,100,1014.5,0.6,213,1.3,2.2,,udu,,0.0,1.6,2018-09-20 3:00:00
Valga,12.1,100,1014.8,0.5,229,1.4,2.6,,uduvine,,0.0,11.8,2018-09-20 4:00:00
Valga,13.1,99,1014.7,0.3,238,2.7,6.3,,nšhtusteta,,0.0,13.1,2018-09-20 5:00:00
Valga,13.5,99,1014.6,0.1,242,2.9,6.2,,uduvine,,0.0,8.0,2018-09-20 6:00:00
Valga,13.6,99,1014.8,0.0,234,2.4,7.0,,uduvine,,0.0,6.4,2018-09-20 7:00:00
Valga,14.0,98,1015.0,0.3,230,2.2,5.9,,uduvine,,0.0,8.2,2018-09-20 8:00:00
Valga,14.4,95,1015.2,0.6,232,2.3,6.5,,nšhtusteta,,0.0,12.2,2018-09-20 9:00:00
Valga,15.0,92,1015.0,0.2,221,2.9,5.6,,nšhtusteta,,0.0,17.9,2018-09-20 10:00:00
Valga,16.0,88,1015.2,0.2,212,3.4,6.0,,nšhtusteta,,0.0,22.2,2018-09-20 11:00:00
Valga,17.7,82,1014.8,-0.4,199,3.8,5.8,,nšhtusteta,,0.0,30.7,2018-09-20 12:00:00
Valga,20.6,63,1014.4,-0.6,221,3.9,7.1,,nšhtusteta,,0.0,27.9,2018-09-20 13:00:00
Valga,22.2,62,1014.1,-1.1,235,3.4,7.6,,nšhtusteta,,0.0,35.0,2018-09-20 14:00:00
Valga,22.4,58,1014.0,-0.8,227,4.3,8.2,,nšhtusteta,,0.0,33.0,2018-09-20 15:00:00
Valga,22.7,58,1013.8,-0.6,239,4.0,8.9,,nšhtusteta,,0.0,35.0,2018-09-20 16:00:00
Valga,22.6,61,1013.4,-0.7,229,3.7,8.7,,nšhtusteta,,0.0,29.5,2018-09-20 17:00:00
Valga,22.4,63,1013.5,-0.5,230,2.4,6.4,,nšhtusteta,,0.0,30.0,2018-09-20 18:00:00
Valga,21.3,68,1013.4,-0.4,242,1.6,5.3,,nšhtusteta,,0.0,32.4,2018-09-20 19:00:00
Valga,17.2,89,1013.7,0.3,237,1.1,3.0,,nšhtusteta,,0.0,21.6,2018-09-20 20:00:00
Valga,17.0,85,1013.4,-0.1,226,1.3,2.1,,nšhtusteta,,0.0,26.8,2018-09-20 21:00:00
Valga,15.0,92,1013.7,0.3,228,0.6,2.3,,nšhtusteta,,0.0,20.3,2018-09-20 22:00:00
Valga,16.6,83,1013.5,-0.2,223,2.2,4.1,,nšhtusteta,,0.0,30.1,2018-09-20 23:00:00
Valga,16.3,83,1013.4,0.0,219,2.4,4.2,,nšhtusteta,,0.0,35.0,2018-09-21 0:00:00
Valga,15.1,88,1013.8,0.1,270,1.5,4.7,,nšhtusteta,,0.0,27.4,2018-09-21 1:00:00
Valga,15.5,84,1013.8,0.3,253,2.2,3.5,,nšhtusteta,,0.0,34.2,2018-09-21 2:00:00
Valga,15.3,84,1013.6,0.2,230,2.1,5.0,,nšhtusteta,,0.0,29.3,2018-09-21 3:00:00
Valga,14.8,86,1013.7,-0.1,228,1.8,4.4,,nšhtusteta,,0.0,35.0,2018-09-21 4:00:00
Valga,14.0,90,1014.3,0.5,273,1.5,3.0,,nšhtusteta,,0.0,31.5,2018-09-21 5:00:00
Valga,15.0,88,1014.2,0.6,224,1.9,5.2,,nšhtusteta,,0.0,27.8,2018-09-21 6:00:00
Valga,13.8,94,1014.0,0.3,177,1.1,3.1,,nšhtusteta,,0.0,18.1,2018-09-21 7:00:00
Valga,14.2,92,1014.2,-0.1,173,1.3,2.5,,nšhtusteta,,0.0,16.7,2018-09-21 8:00:00
Valga,15.4,87,1014.1,-0.1,195,2.4,3.7,,nšhtusteta,,0.0,22.2,2018-09-21 9:00:00
Valga,17.1,82,1014.3,0.3,191,2.3,4.6,,nšhtusteta,,0.0,29.3,2018-09-21 10:00:00
Valga,19.7,71,1014.2,0.0,210,2.8,5.3,,nšhtusteta,,0.0,35.0,2018-09-21 11:00:00
Valga,21.6,65,1013.7,-0.4,189,2.9,6.0,,nšhtusteta,,0.0,30.0,2018-09-21 12:00:00
Valga,23.0,52,1013.1,-1.2,184,4.3,7.6,,nšhtusteta,,0.0,29.7,2018-09-21 13:00:00
Valga,24.1,51,1012.3,-1.9,199,4.0,7.7,,nšhtusteta,,0.0,35.0,2018-09-21 14:00:00
Valga,24.8,50,1011.5,-2.2,188,4.7,9.3,,nšhtusteta,,0.0,35.0,2018-09-21 15:00:00
Valga,25.4,49,1010.6,-2.5,175,4.5,9.6,,nšhtusteta,,0.0,35.0,2018-09-21 16:00:00
Valga,25.4,50,1009.9,-2.4,180,4.7,9.7,,nšhtusteta,,0.0,35.0,2018-09-21 17:00:00
Valga,24.9,53,1009.2,-2.3,177,3.4,8.7,,nšhtusteta,,0.0,30.4,2018-09-21 18:00:00
Valga,23.5,59,1008.5,-2.1,158,2.6,5.6,,nšhtusteta,,0.0,32.0,2018-09-21 19:00:00
Valga,22.4,63,1008.0,-1.9,162,3.0,6.1,,nšhtusteta,,0.0,35.0,2018-09-21 20:00:00
Valga,21.6,65,1007.6,-1.6,162,2.9,6.3,,nšhtusteta,,0.0,34.4,2018-09-21 21:00:00
Valga,21.0,67,1006.8,-1.7,164,3.0,7.2,,nšhtusteta,,0.0,28.9,2018-09-21 22:00:00
Valga,20.7,66,1006.2,-1.8,168,3.3,6.5,,nšhtusteta,,0.0,31.1,2018-09-21 23:00:00
Valga,19.8,67,1005.4,-2.2,161,2.8,6.5,,nšhtusteta,,0.0,34.3,2018-09-22 0:00:00
Valga,19.3,66,1004.6,-2.2,163,3.0,6.3,,nšhtusteta,,0.0,34.0,2018-09-22 1:00:00
Valga,19.1,63,1003.4,-2.8,165,3.3,6.5,,nšhtusteta,,0.0,35.0,2018-09-22 2:00:00
Valga,18.5,66,1002.2,-3.2,170,3.8,6.8,,nšhtusteta,,0.0,32.8,2018-09-22 3:00:00
Valga,18.6,65,1001.0,-3.6,165,4.1,8.5,,nšhtusteta,,0.0,30.4,2018-09-22 4:00:00
Valga,18.3,68,1001.0,-2.4,180,4.3,9.4,,nšhtusteta,,0.0,33.5,2018-09-22 5:00:00
Valga,17.7,71,1001.0,-1.2,181,3.4,7.2,,nšhtusteta,,0.0,27.8,2018-09-22 6:00:00
Valga,17.9,69,1001.4,0.4,226,3.4,6.0,,nšhtusteta,,0.0,26.8,2018-09-22 7:00:00
Valga,13.5,78,1002.6,1.6,245,3.0,14.2,,nšhtusteta,,0.0,35.0,2018-09-22 8:00:00
Valga,12.3,90,1003.5,2.5,232,2.5,5.6,,vihm,,0.5,23.9,2018-09-22 9:00:00
Valga,11.7,94,1004.1,2.7,238,3.6,7.4,,műűdukas hoogvihm,,1.8,31.1,2018-09-22 10:00:00
Valga,11.9,93,1004.5,1.9,221,3.9,7.4,,nšhtusteta,,0.1,35.0,2018-09-22 11:00:00
Valga,12.5,89,1004.9,1.4,210,4.3,7.8,,nšhtusteta,,0.0,35.0,2018-09-22 12:00:00
Valga,13.1,82,1004.9,0.8,218,5.2,10.9,,nšhtusteta,,0.0,35.0,2018-09-22 13:00:00
Valga,13.6,78,1005.0,0.5,214,4.8,9.1,,nšhtusteta,,0.0,35.0,2018-09-22 14:00:00
Valga,14.2,73,1005.2,0.3,216,4.5,10.3,,nšhtusteta,,0.0,35.0,2018-09-22 15:00:00
Valga,14.2,74,1005.1,0.2,214,4.6,9.4,,nűrk vihm,,0.0,35.0,2018-09-22 16:00:00
Valga,13.3,75,1005.2,0.2,210,4.0,11.0,,vihm,,0.0,35.0,2018-09-22 17:00:00
Valga,12.8,79,1005.1,-0.1,213,4.9,9.0,,nšhtusteta,,0.0,33.9,2018-09-22 18:00:00
Valga,12.5,79,1005.4,0.3,212,3.7,7.4,,nšhtusteta,,0.0,35.0,2018-09-22 19:00:00
Valga,11.2,85,1005.8,0.6,211,2.6,5.6,,nšhtusteta,,0.0,35.0,2018-09-22 20:00:00
Valga,10.0,86,1006.0,0.9,211,2.5,4.0,,nšhtusteta,,0.0,35.0,2018-09-22 21:00:00
Valga,9.7,81,1006.0,0.6,207,3.0,5.5,,nšhtusteta,,0.0,35.0,2018-09-22 22:00:00
Valga,9.7,79,1005.7,-0.1,214,3.0,5.4,,nšhtusteta,,0.0,33.8,2018-09-22 23:00:00
Valga,9.7,80,1005.5,-0.5,217,3.1,5.0,,nšhtusteta,,0.0,35.0,2018-09-23 0:00:00
Valga,9.0,83,1005.3,-0.7,210,3.0,5.5,,nšhtusteta,,0.0,34.4,2018-09-23 1:00:00
Valga,9.5,84,1005.0,-0.7,212,3.7,6.7,,nšhtusteta,,0.0,35.0,2018-09-23 2:00:00
Valga,9.2,85,1004.4,-1.1,210,4.1,7.2,,nšhtusteta,,0.0,35.0,2018-09-23 3:00:00
Valga,9.1,87,1004.2,-1.1,211,3.9,7.2,,nűrk vihm,,0.1,35.0,2018-09-23 4:00:00
Valga,8.8,88,1003.9,-1.1,213,4.0,7.2,,vihm,,0.0,35.0,2018-09-23 5:00:00
Valga,8.4,90,1003.3,-1.1,207,3.5,7.5,,nšhtusteta,,0.0,35.0,2018-09-23 6:00:00
Valga,8.0,91,1002.9,-1.3,209,3.4,6.2,,nšhtusteta,,0.0,35.0,2018-09-23 7:00:00
Valga,8.0,91,1002.7,-1.2,204,3.3,6.3,,nšhtusteta,,0.0,35.0,2018-09-23 8:00:00
Valga,9.5,82,1002.3,-1.0,207,4.6,8.5,,nšhtusteta,,0.0,35.0,2018-09-23 9:00:00
Valga,11.0,73,1002.2,-0.7,221,6.0,10.2,,nšhtusteta,,0.0,35.0,2018-09-23 10:00:00
Valga,11.4,70,1002.1,-0.6,222,5.7,12.4,,nšhtusteta,,0.0,35.0,2018-09-23 11:00:00
Valga,11.8,72,1002.0,-0.3,229,6.0,12.4,,nűrk vihm,,0.0,35.0,2018-09-23 12:00:00
Valga,11.3,78,1002.3,0.1,229,5.7,10.8,,nűrk hoogvihm,,0.0,6.0,2018-09-23 13:00:00
Valga,8.3,91,1003.4,1.3,285,3.7,11.0,,nűrk hoogvihm,,3.1,9.6,2018-09-23 14:00:00
Valga,9.5,88,1003.1,1.1,206,2.9,8.6,,nűrk hoogvihm,,2.3,35.0,2018-09-23 15:00:00
Valga,9.6,91,1002.9,0.6,177,1.6,3.9,,nűrk hoogvihm,,0.0,14.2,2018-09-23 16:00:00
Valga,9.7,93,1002.8,-0.6,127,1.1,4.4,,nűrk hoogvihm,,1.7,14.4,2018-09-23 17:00:00
Valga,10.0,94,1002.9,-0.2,280,1.3,5.7,,nűrk hoogvihm,,1.9,4.9,2018-09-23 18:00:00
Valga,10.1,85,1002.5,-0.4,235,2.4,7.3,,vihm,,2.2,30.8,2018-09-23 19:00:00
Valga,8.5,92,1002.5,-0.3,214,1.6,4.4,,nšhtusteta,,0.0,16.6,2018-09-23 20:00:00
Valga,8.8,92,1002.7,-0.2,202,2.3,6.2,,nűrk hoogvihm,,0.4,23.4,2018-09-23 21:00:00
Valga,8.6,92,1002.9,0.4,266,1.7,5.5,,nšhtusteta,,0.0,33.7,2018-09-23 22:00:00
Valga,8.4,95,1002.7,0.2,186,2.1,3.7,,nűrk hoogvihm,,0.7,29.8,2018-09-23 23:00:00
Valga,8.4,95,1002.9,0.2,216,4.1,6.2,,műűdukas vihm,,1.9,11.3,2018-09-24 0:00:00
Valga,7.9,95,1002.4,-0.5,211,2.0,7.3,,nűrk vihm,,2.3,35.0,2018-09-24 1:00:00
Valga,7.5,96,1002.1,-0.6,225,1.6,3.1,,vihm,,0.0,35.0,2018-09-24 2:00:00
Valga,6.2,98,1001.9,-1.0,210,2.0,2.9,,nšhtusteta,,0.0,35.0,2018-09-24 3:00:00
Valga,5.8,100,1001.8,-0.6,198,1.5,2.6,,nšhtusteta,,0.0,12.8,2018-09-24 4:00:00
Valga,5.2,100,1002.0,-0.1,179,1.2,1.9,,udu,,0.0,8.9,2018-09-24 5:00:00
Valga,5.2,100,1002.1,0.2,144,0.9,1.3,,udu,,0.0,10.9,2018-09-24 6:00:00
Valga,5.3,100,1002.2,0.4,206,1.5,3.1,,nšhtusteta,,0.0,15.7,2018-09-24 7:00:00
Valga,6.0,99,1002.3,0.3,58,0.7,1.5,,uduvine,,0.0,7.6,2018-09-24 8:00:00
Valga,6.8,99,1002.3,0.2,296,1.5,2.5,,udu,,0.0,11.8,2018-09-24 9:00:00
Valga,7.4,98,1002.4,0.2,331,1.3,2.4,,nšhtusteta,,0.0,21.5,2018-09-24 10:00:00
Valga,7.7,95,1002.9,0.6,16,1.7,4.7,,nšhtusteta,,0.0,35.0,2018-09-24 11:00:00
Valga,8.6,90,1003.2,0.9,17,1.9,3.9,,nšhtusteta,,0.0,31.4,2018-09-24 12:00:00
Valga,9.9,83,1003.4,1.0,38,1.8,4.4,,nšhtusteta,,0.0,35.0,2018-09-24 13:00:00
Valga,11.1,79,1003.5,0.6,358,2.5,4.6,,nšhtusteta,,0.0,35.0,2018-09-24 14:00:00
Valga,12.2,63,1003.5,0.3,348,3.6,7.7,,nšhtusteta,,0.0,35.0,2018-09-24 15:00:00
Valga,10.3,66,1004.5,1.1,345,4.4,9.4,,nšhtusteta,,0.0,35.0,2018-09-24 16:00:00
Valga,11.5,62,1004.9,1.4,331,3.8,8.1,,nšhtusteta,,0.0,35.0,2018-09-24 17:00:00
Valga,10.8,68,1005.3,1.8,326,2.6,6.5,,nšhtusteta,,0.0,35.0,2018-09-24 18:00:00
Valga,8.5,73,1006.1,1.6,308,1.7,7.3,,nšhtusteta,,0.0,35.0,2018-09-24 19:00:00
Valga,7.4,78,1006.6,1.7,298,2.4,4.2,,nšhtusteta,,0.0,35.0,2018-09-24 20:00:00
Valga,6.9,82,1007.5,2.2,305,2.6,5.1,,nšhtusteta,,0.0,35.0,2018-09-24 21:00:00
Valga,5.9,86,1008.1,2.0,300,2.9,5.4,,nšhtusteta,,0.0,35.0,2018-09-24 22:00:00
Valga,5.5,89,1008.6,2.0,300,2.4,5.1,,nšhtusteta,,0.0,35.0,2018-09-24 23:00:00
Valga,5.4,88,1009.2,1.7,305,3.0,5.5,,nšhtusteta,,0.0,35.0,2018-09-25 0:00:00
Valga,4.9,89,1009.8,1.7,297,2.9,5.2,,nšhtusteta,,0.0,35.0,2018-09-25 1:00:00
Valga,4.4,90,1010.4,1.8,295,3.2,5.5,,nšhtusteta,,0.0,35.0,2018-09-25 2:00:00
Valga,4.2,89,1010.8,1.6,299,3.1,5.9,,nšhtusteta,,0.0,35.0,2018-09-25 3:00:00
Valga,3.9,89,1011.5,1.7,299,3.3,5.5,,nšhtusteta,,0.0,35.0,2018-09-25 4:00:00
Valga,3.7,90,1012.2,1.8,302,2.7,5.5,,nšhtusteta,,0.0,35.0,2018-09-25 5:00:00
Valga,3.2,92,1013.0,2.2,298,2.7,4.9,,nšhtusteta,,0.0,35.0,2018-09-25 6:00:00
Valga,3.1,91,1013.8,2.3,296,2.6,5.1,,nšhtusteta,,0.0,35.0,2018-09-25 7:00:00
Valga,3.8,89,1014.6,2.4,309,2.7,5.8,,nšhtusteta,,0.0,35.0,2018-09-25 8:00:00
Valga,5.6,78,1015.4,2.4,322,3.3,6.8,,nšhtusteta,,0.0,35.0,2018-09-25 9:00:00
Valga,7.2,71,1016.3,2.5,321,3.8,8.7,,nšhtusteta,,0.0,35.0,2018-09-25 10:00:00
Valga,8.1,64,1017.2,2.6,335,5.9,11.2,,nšhtusteta,,0.0,35.0,2018-09-25 11:00:00
Valga,8.7,50,1018.2,2.8,326,5.6,11.6,,pűuavine,,0.0,30.1,2018-09-25 12:00:00
Valga,9.6,52,1018.7,2.4,338,5.3,,,nšhtusteta,,0.0,9.5,2018-09-25 13:00:00
Valga,9.3,45,1019.5,2.3,326,4.4,11.2,,nšhtusteta,,0.0,35.0,2018-09-25 14:00:00
Valga,10.4,43,1020.0,1.8,331,4.3,11.3,,nšhtusteta,,0.0,35.0,2018-09-25 15:00:00
Valga,10.0,40,1020.5,1.8,339,5.2,12.9,,nšhtusteta,,0.0,35.0,2018-09-25 16:00:00
Valga,10.2,42,1021.0,1.5,327,4.6,11.7,,nšhtusteta,,0.0,35.0,2018-09-25 17:00:00
Valga,9.7,47,1021.6,1.6,306,3.0,11.6,,nšhtusteta,,0.0,35.0,2018-09-25 18:00:00
Valga,7.8,60,1022.1,1.6,289,2.0,6.1,,nšhtusteta,,0.0,35.0,2018-09-25 19:00:00
Valga,6.8,70,1022.9,1.9,281,2.2,4.6,,nšhtusteta,,0.0,35.0,2018-09-25 20:00:00
Valga,6.4,76,1023.5,1.9,273,2.0,4.4,,nšhtusteta,,0.0,35.0,2018-09-25 21:00:00
Valga,6.0,78,1023.7,1.6,256,2.3,4.2,,nšhtusteta,,0.0,35.0,2018-09-25 22:00:00
Valga,5.6,77,1023.8,0.9,267,2.5,5.4,,nšhtusteta,,0.0,35.0,2018-09-25 23:00:00
Valga,5.1,81,1023.9,0.4,256,2.8,4.6,,nšhtusteta,,0.0,35.0,2018-09-26 0:00:00
Valga,4.7,83,1023.9,0.2,248,2.3,4.3,,nšhtusteta,,0.0,35.0,2018-09-26 1:00:00
Valga,3.8,87,1023.8,0.0,228,1.9,4.2,,nšhtusteta,,0.0,35.0,2018-09-26 2:00:00
Valga,2.6,91,1023.5,-0.4,203,1.9,3.5,,nšhtusteta,,0.0,35.0,2018-09-26 3:00:00
Valga,4.2,87,1023.0,-0.9,229,2.1,3.5,,nšhtusteta,,0.0,35.0,2018-09-26 4:00:00
Valga,5.1,88,1022.5,-1.3,226,2.7,4.8,,nšhtusteta,,0.0,35.0,2018-09-26 5:00:00
Valga,4.8,90,1021.6,-1.9,232,3.2,6.1,,nšhtusteta,,0.0,35.0,2018-09-26 6:00:00
Valga,6.0,89,1021.2,-1.8,228,3.3,6.4,,nšhtusteta,,0.0,35.0,2018-09-26 7:00:00
Valga,6.8,87,1020.2,-2.3,224,3.6,6.4,,nšhtusteta,,0.0,35.0,2018-09-26 8:00:00
Valga,7.1,82,1019.4,-2.2,227,5.4,10.5,,nšhtusteta,,0.0,35.0,2018-09-26 9:00:00
Valga,8.8,79,1018.3,-2.9,222,5.3,11.2,,nšhtusteta,,0.0,35.0,2018-09-26 10:00:00
Valga,9.2,79,1017.1,-3.1,221,5.6,12.2,,nšhtusteta,,0.0,35.0,2018-09-26 11:00:00
Valga,10.2,74,1015.5,-3.9,227,6.5,14.9,,nšhtusteta,,0.0,35.0,2018-09-26 12:00:00
Valga,10.6,73,1013.8,-4.5,231,6.5,14.8,,nšhtusteta,,0.0,35.0,2018-09-26 13:00:00
Valga,10.4,77,1011.6,-5.5,218,8.3,15.1,,nűrk hoogvihm,,0.0,35.0,2018-09-26 14:00:00
Valga,10.0,84,1009.6,-5.9,226,7.8,18.9,,nűrk hoogvihm,,0.1,23.7,2018-09-26 15:00:00
Valga,9.7,90,1008.2,-5.6,236,7.0,15.7,,nűrk vihm,,0.8,21.3,2018-09-26 16:00:00
Valga,9.6,95,1005.7,-5.9,229,6.3,16.3,,nűrk vihm,,2.0,4.7,2018-09-26 17:00:00
Valga,9.9,93,1004.3,-5.3,235,7.3,14.1,,nűrk vihm,,1.8,6.4,2018-09-26 18:00:00
Valga,9.9,94,1002.8,-5.4,231,6.8,15.4,,nűrk vihm,,1.0,3.0,2018-09-26 19:00:00
Valga,10.3,96,1001.8,-3.9,235,5.8,13.5,,nűrk vihm,,1.4,3.2,2018-09-26 20:00:00
Valga,10.9,97,1000.9,-3.4,238,5.2,13.6,,nűrk vihm,,1.8,3.3,2018-09-26 21:00:00
Valga,11.6,96,1000.2,-2.6,245,5.4,11.6,,nűrk vihm,,1.4,7.2,2018-09-26 22:00:00
Valga,12.3,94,999.6,-2.2,256,5.1,11.2,,műűdukas hoogvihm,,0.6,32.8,2018-09-26 23:00:00
Valga,12.4,91,999.8,-1.1,279,6.8,15.7,,nűrk hoogvihm,,3.2,35.0,2018-09-27 0:00:00
Valga,11.8,88,1001.6,1.4,282,4.2,10.0,,vihm,,0.1,35.0,2018-09-27 1:00:00
Valga,10.7,84,1002.2,2.6,279,3.8,9.4,,nšhtusteta,,0.0,35.0,2018-09-27 2:00:00
Valga,10.0,91,1002.7,2.9,262,2.8,6.1,,nšhtusteta,,0.0,35.0,2018-09-27 3:00:00
Valga,9.6,87,1003.0,1.4,262,2.7,6.9,,nšhtusteta,,0.0,35.0,2018-09-27 4:00:00
Valga,9.2,81,1003.3,1.1,270,3.2,6.9,,nšhtusteta,,0.0,35.0,2018-09-27 5:00:00
Valga,8.9,83,1003.6,0.9,259,3.0,6.5,,nšhtusteta,,0.0,35.0,2018-09-27 6:00:00
Valga,9.3,79,1004.0,1.0,272,4.5,9.6,,nšhtusteta,,0.0,35.0,2018-09-27 7:00:00
Valga,9.1,76,1004.7,1.4,267,3.2,7.3,,nšhtusteta,,0.0,35.0,2018-09-27 8:00:00
Valga,10.1,73,1004.8,1.2,270,4.3,8.9,,nšhtusteta,,0.0,35.0,2018-09-27 9:00:00
Valga,11.1,67,1005.2,1.2,279,5.3,10.4,,nšhtusteta,,0.0,35.0,2018-09-27 10:00:00
Valga,11.6,59,1006.1,1.4,277,6.8,13.3,,pűuavine,,0.0,35.0,2018-09-27 11:00:00
Valga,12.4,56,1006.7,1.9,268,6.5,15.3,,nšhtusteta,,0.0,26.3,2018-09-27 12:00:00
Valga,12.6,54,1007.5,2.3,273,7.0,15.8,,nšhtusteta,,0.0,35.0,2018-09-27 13:00:00
Valga,12.8,51,1008.0,1.9,269,8.0,16.4,,nšhtusteta,,0.0,35.0,2018-09-27 14:00:00
Valga,13.4,50,1008.8,2.1,284,6.0,16.2,,nšhtusteta,,0.0,26.4,2018-09-27 15:00:00
Valga,13.0,52,1009.2,1.7,267,6.3,14.5,,nšhtusteta,,0.0,35.0,2018-09-27 16:00:00
Valga,12.3,52,1009.4,1.4,265,5.4,13.5,,nšhtusteta,,0.0,35.0,2018-09-27 17:00:00
Valga,11.5,55,1009.8,1.0,260,5.2,11.1,,nšhtusteta,,0.0,35.0,2018-09-27 18:00:00
Valga,10.6,62,1009.8,0.6,255,3.6,8.8,,nšhtusteta,,0.0,35.0,2018-09-27 19:00:00
Valga,10.1,69,1009.5,0.1,256,3.1,7.5,,nšhtusteta,,0.0,35.0,2018-09-27 20:00:00
Valga,9.6,76,1008.7,-1.1,221,2.3,5.1,,nšhtusteta,,0.0,35.0,2018-09-27 21:00:00
Valga,9.5,76,1007.7,-2.1,236,1.7,4.1,,nűrk hoogvihm,,0.0,35.0,2018-09-27 22:00:00
Valga,8.4,86,1005.2,-4.3,182,2.1,4.4,,nűrk hoogvihm,,0.2,6.9,2018-09-27 23:00:00
Valga,7.6,97,1003.5,-5.2,151,1.7,3.1,,műűdukas vihm,,0.7,3.6,2018-09-28 0:00:00
Valga,7.7,98,1000.9,-6.8,208,2.2,5.3,,műűdukas vihm,,3.1,10.7,2018-09-28 1:00:00
Valga,9.3,99,998.1,-7.1,213,2.4,5.1,,műűdukas vihm,,2.6,11.6,2018-09-28 2:00:00
Valga,13.6,92,996.6,-6.9,252,6.5,12.7,,műűdukas vihm,,2.5,12.6,2018-09-28 3:00:00
Valga,13.9,86,995.9,-5.0,259,7.0,13.8,,vihm,,2.7,35.0,2018-09-28 4:00:00
Valga,13.7,85,994.9,-3.2,253,5.8,13.2,,nűrk hoogvihm,,0.0,34.0,2018-09-28 5:00:00
Valga,12.9,87,994.6,-2.0,255,6.0,14.0,,nűrk hoogvihm,,0.4,35.0,2018-09-28 6:00:00
Valga,12.0,83,994.9,-1.0,261,6.5,12.0,,vihm,,0.7,35.0,2018-09-28 7:00:00
Valga,11.6,80,995.0,0.1,259,5.9,13.5,,vihm,,0.0,35.0,2018-09-28 8:00:00
Valga,10.4,87,995.5,0.9,252,6.6,15.6,,nűrk vihm,,0.0,20.6,2018-09-28 9:00:00
Valga,6.6,94,998.4,3.5,347,5.9,12.0,,nűrk hoogvihm,,1.0,5.5,2018-09-28 10:00:00
Valga,5.7,92,1001.9,6.9,345,5.1,11.0,,sademed,,0.0,35.0,2018-09-28 11:00:00
Valga,5.9,90,1004.5,9.0,337,4.2,10.2,,nűrk hoogvihm,,0.0,35.0,2018-09-28 12:00:00
Valga,7.5,79,1005.9,7.5,322,2.7,8.6,,nšhtusteta,,0.0,35.0,2018-09-28 13:00:00
Valga,8.3,76,1007.2,5.3,295,3.5,5.9,,nšhtusteta,,0.0,35.0,2018-09-28 14:00:00
Valga,8.5,72,1008.2,3.7,301,3.6,8.6,,nšhtusteta,,0.0,35.0,2018-09-28 15:00:00
Valga,9.5,66,1008.7,2.8,292,3.2,7.1,,nšhtusteta,,0.0,35.0,2018-09-28 16:00:00
Valga,10.2,57,1009.1,1.9,264,4.0,7.8,,nšhtusteta,,0.0,35.0,2018-09-28 17:00:00
Valga,9.2,63,1009.7,1.5,261,3.6,6.1,,nšhtusteta,,0.0,35.0,2018-09-28 18:00:00
Valga,7.0,76,1010.4,1.7,278,1.3,5.2,,nšhtusteta,,0.0,35.0,2018-09-28 19:00:00
Valga,6.4,85,1011.0,1.9,274,1.2,3.3,,nšhtusteta,,0.0,35.0,2018-09-28 20:00:00
Valga,5.8,91,1011.5,1.8,271,1.4,2.0,,nšhtusteta,,0.0,35.0,2018-09-28 21:00:00
Valga,5.0,93,1012.0,1.6,278,1.4,2.5,,nšhtusteta,,0.0,35.0,2018-09-28 22:00:00
Valga,5.6,93,1012.5,1.5,313,2.0,4.0,,nűrk vihm,,0.0,12.8,2018-09-28 23:00:00
Valga,5.2,96,1013.1,1.6,322,0.9,3.5,,nűrk vihm,,0.7,35.0,2018-09-29 0:00:00
Valga,5.1,97,1013.8,1.8,298,1.5,2.4,,nšhtusteta,,0.0,35.0,2018-09-29 1:00:00
Valga,4.5,98,1014.2,1.7,231,0.9,2.9,,nšhtusteta,,0.0,35.0,2018-09-29 2:00:00
Valga,3.9,99,1014.7,1.6,266,1.0,2.1,,nšhtusteta,,0.0,35.0,2018-09-29 3:00:00
Valga,3.4,99,1015.6,1.8,285,2.0,3.0,,nšhtusteta,,0.0,35.0,2018-09-29 4:00:00
Valga,3.7,97,1016.0,1.8,303,1.6,3.5,,nšhtusteta,,0.0,35.0,2018-09-29 5:00:00
Valga,3.3,97,1016.4,1.7,256,1.0,2.8,,nšhtusteta,,0.0,35.0,2018-09-29 6:00:00
Valga,2.3,98,1017.4,1.8,236,0.6,2.1,,nšhtusteta,,0.0,20.4,2018-09-29 7:00:00
Valga,2.7,94,1018.3,2.3,260,0.9,1.8,,nšhtusteta,,0.0,32.7,2018-09-29 8:00:00
Valga,3.7,94,1019.2,2.8,275,1.2,2.1,,nšhtusteta,,0.0,35.0,2018-09-29 9:00:00
Valga,5.6,84,1019.8,2.4,302,1.4,2.7,,nšhtusteta,,0.0,31.9,2018-09-29 10:00:00
Valga,7.4,73,1020.4,2.1,277,1.5,2.6,,nšhtusteta,,0.0,35.0,2018-09-29 11:00:00
Valga,8.9,71,1020.8,1.6,278,2.3,4.9,,nšhtusteta,,0.0,35.0,2018-09-29 12:00:00
Valga,8.8,63,1020.7,0.9,267,3.8,6.7,,nšhtusteta,,0.0,35.0,2018-09-29 13:00:00
Valga,9.9,60,1020.5,0.1,259,3.1,7.3,,nšhtusteta,,0.0,35.0,2018-09-29 14:00:00
Valga,9.8,61,1020.2,-0.6,246,3.0,8.3,,nšhtusteta,,0.0,35.0,2018-09-29 15:00:00
Valga,10.2,54,1020.0,-0.7,284,4.0,9.6,,nšhtusteta,,0.0,35.0,2018-09-29 16:00:00
Valga,10.0,53,1020.0,-0.5,252,3.8,7.8,,vihm,,0.0,35.0,2018-09-29 17:00:00
Valga,9.0,57,1019.8,-0.4,263,3.0,7.6,,nšhtusteta,,0.0,35.0,2018-09-29 18:00:00
Valga,7.9,64,1020.1,0.1,246,2.2,4.6,,nšhtusteta,,0.0,35.0,2018-09-29 19:00:00
Valga,6.2,80,1019.9,-0.1,220,1.6,6.2,,vihm,,0.0,5.7,2018-09-29 20:00:00
Valga,4.9,86,1019.4,-0.4,205,1.9,3.4,,nšhtusteta,,0.0,35.0,2018-09-29 21:00:00
Valga,5.1,86,1018.8,-1.3,201,2.6,3.9,,nšhtusteta,,0.0,35.0,2018-09-29 22:00:00
Valga,5.6,81,1018.1,-1.8,204,3.3,5.2,,nšhtusteta,,0.0,35.0,2018-09-29 23:00:00
Valga,6.4,74,1017.4,-2.0,214,3.3,7.0,,nšhtusteta,,0.0,35.0,2018-09-30 0:00:00
Valga,7.0,70,1016.5,-2.3,213,3.7,6.6,,nšhtusteta,,0.0,35.0,2018-09-30 1:00:00
Valga,7.4,70,1015.7,-2.4,213,3.9,8.0,,nšhtusteta,,0.0,35.0,2018-09-30 2:00:00
Valga,7.3,73,1015.3,-2.1,215,4.2,9.8,,nšhtusteta,,0.0,35.0,2018-09-30 3:00:00
Valga,7.7,75,1014.5,-2.0,219,4.3,8.3,,nšhtusteta,,0.0,35.0,2018-09-30 4:00:00
Valga,8.1,78,1013.6,-2.1,219,5.2,9.2,,uduvihm,,0.0,35.0,2018-09-30 5:00:00
Valga,8.4,78,1013.0,-2.3,221,5.1,9.4,,nšhtusteta,,0.0,35.0,2018-09-30 6:00:00
Valga,8.5,81,1012.4,-2.1,221,4.6,10.0,,nšhtusteta,,0.0,35.0,2018-09-30 7:00:00
Valga,8.9,80,1012.0,-1.6,220,5.0,10.0,,nšhtusteta,,0.0,35.0,2018-09-30 8:00:00
Valga,9.3,78,1011.9,-1.1,224,5.9,11.6,,nšhtusteta,,0.0,35.0,2018-09-30 9:00:00
Valga,9.9,77,1012.1,-0.3,224,6.4,12.3,,nšhtusteta,,0.0,35.0,2018-09-30 10:00:00
Valga,10.5,73,1011.7,-0.3,227,5.1,11.3,,nšhtusteta,,0.0,35.0,2018-09-30 11:00:00
Valga,10.9,73,1011.3,-0.6,228,6.2,11.5,,nšhtusteta,,0.0,35.0,2018-09-30 12:00:00
Valga,12.0,67,1010.7,-1.4,231,6.4,16.5,,nšhtusteta,,0.0,35.0,2018-09-30 13:00:00
Valga,11.0,79,1011.0,-0.7,228,5.3,13.9,,nűrk hoogvihm,,0.0,31.7,2018-09-30 14:00:00
Valga,11.9,70,1010.6,-0.7,236,5.5,13.2,,vihm,,0.0,28.6,2018-09-30 15:00:00
Valga,11.3,77,1010.6,-0.1,230,6.0,11.5,,nűrk hoogvihm,,0.1,35.0,2018-09-30 16:00:00
Valga,10.9,82,1010.5,-0.5,229,5.0,9.4,,nűrk hoogvihm,,0.1,35.0,2018-09-30 17:00:00
Valga,10.4,86,1010.7,0.1,229,4.2,8.3,,nűrk hoogvihm,,0.1,9.4,2018-09-30 18:00:00
Valga,10.4,85,1010.7,0.1,228,4.2,10.0,,sademed,,0.1,35.0,2018-09-30 19:00:00
Valga,10.9,76,1010.9,0.4,232,5.0,10.0,,nšhtusteta,,0.0,35.0,2018-09-30 20:00:00
Valga,10.8,75,1011.2,0.5,226,4.5,10.2,,nšhtusteta,,0.0,35.0,2018-09-30 21:00:00
Valga,10.3,77,1011.4,0.7,227,4.1,9.5,,nšhtusteta,,0.0,35.0,2018-09-30 22:00:00
Valga,10.3,76,1011.5,0.6,227,4.8,8.7,,nšhtusteta,,0.0,35.0,2018-09-30 23:00:00
