Jaam,Õhutemperatuur (°C),Suhteline õhuniiskus (%),Õhurõhk merepinnal (hPa),Õhurõhu muutus (hPa),Tuul suund (°),Tuul kiirus (m/s),Tuul max kiirus (m/s),Pilvisus (palli),Hetkeilm (sensor),Hetkeilm (vaatleja),Sademed (mm),Nähtavus (km),timestamp
Valga,-7.5,52,1030.0,-0.1,169,2.4,4.9,,nähtusteta,,0.0,35.0,2018-12-01 0:00:00
Valga,-7.9,54,1029.8,-0.4,163,3.0,6.0,,nähtusteta,,0.0,35.0,2018-12-01 1:00:00
Valga,-8.2,58,1029.7,-0.5,166,3.3,6.3,,nähtusteta,,0.0,35.0,2018-12-01 2:00:00
Valga,-9.0,62,1029.8,-0.2,167,2.9,6.5,,nähtusteta,,0.0,35.0,2018-12-01 3:00:00
Valga,-9.6,68,1029.4,-0.4,160,2.7,5.5,,nähtusteta,,0.0,35.0,2018-12-01 4:00:00
Valga,-10.4,71,1029.0,-0.7,157,2.0,4.4,,nähtusteta,,0.0,35.0,2018-12-01 5:00:00
Valga,-10.9,73,1028.7,-1.1,159,2.6,5.2,,nähtusteta,,0.0,35.0,2018-12-01 6:00:00
Valga,-11.4,76,1028.2,-1.2,163,1.7,5.4,,nähtusteta,,0.0,30.5,2018-12-01 7:00:00
Valga,-11.5,76,1028.0,-1.0,143,2.2,5.1,,nähtusteta,,0.0,24.0,2018-12-01 8:00:00
Valga,-10.0,71,1027.4,-1.3,154,2.8,5.6,,nähtusteta,,0.0,30.8,2018-12-01 9:00:00
Valga,-9.1,66,1026.8,-1.4,150,3.1,6.3,,nähtusteta,,0.0,35.0,2018-12-01 10:00:00
Valga,-8.4,63,1026.3,-1.7,144,3.1,5.9,,nähtusteta,,0.0,35.0,2018-12-01 11:00:00
Valga,-7.5,59,1025.3,-2.1,124,2.2,5.2,,nähtusteta,,0.0,24.4,2018-12-01 12:00:00
Valga,-6.9,54,1024.3,-2.5,140,2.9,5.2,,nähtusteta,,0.0,35.0,2018-12-01 13:00:00
Valga,-6.8,76,1023.1,-3.2,126,2.6,5.8,,nõrk lumi,,0.0,3.0,2018-12-01 14:00:00
Valga,-6.6,87,1022.5,-2.8,116,1.7,5.7,,nõrk lumi,,0.2,6.7,2018-12-01 15:00:00
Valga,-6.5,79,1021.7,-2.6,86,1.8,4.9,,nõrk lumi,,0.1,4.6,2018-12-01 16:00:00
Valga,-6.3,83,1020.8,-2.3,64,1.6,2.7,,nõrk lumi,,0.1,24.6,2018-12-01 17:00:00
Valga,-6.4,93,1020.3,-2.2,60,1.2,3.7,,mõõdukas lumi,,0.7,1.5,2018-12-01 18:00:00
Valga,-6.0,82,1019.6,-2.1,125,1.5,3.4,,nõrk hooglumi,,0.1,3.5,2018-12-01 19:00:00
Valga,-6.5,79,1019.0,-1.8,144,3.2,6.9,,nõrk hooglumi,,0.0,16.4,2018-12-01 20:00:00
Valga,-7.0,88,1018.5,-1.8,151,2.0,6.9,,nõrk lumi,,0.2,5.1,2018-12-01 21:00:00
Valga,-7.1,87,1017.8,-1.8,156,1.9,4.6,,nõrk lumi,,0.3,8.8,2018-12-01 22:00:00
Valga,-7.0,87,1017.2,-1.8,160,1.7,4.1,,nõrk lumi,,0.2,8.5,2018-12-01 23:00:00
Valga,-6.9,87,1017.0,-1.5,164,1.5,4.3,,nõrk lumi,,0.0,16.4,2018-12-02 0:00:00
Valga,-7.0,89,1016.6,-1.2,162,1.5,4.2,,nõrk lumi,,0.1,2.7,2018-12-02 1:00:00
Valga,-7.0,90,1016.3,-0.9,166,1.6,3.5,,nõrk lumi,,0.3,1.9,2018-12-02 2:00:00
Valga,-7.1,90,1016.0,-1.0,149,1.9,3.1,,nõrk lumi,,0.4,2.1,2018-12-02 3:00:00
Valga,-7.1,89,1015.3,-1.3,152,2.4,4.1,,nõrk lumi,,0.5,10.7,2018-12-02 4:00:00
Valga,-7.0,88,1015.0,-1.3,157,2.6,5.0,,nõrk lumi,,0.2,10.9,2018-12-02 5:00:00
Valga,-7.1,90,1014.6,-1.4,168,1.7,3.9,,nõrk lumi,,0.4,2.1,2018-12-02 6:00:00
Valga,-7.1,88,1014.5,-0.8,177,2.0,3.8,,jäätuv vihm,,0.1,22.3,2018-12-02 7:00:00
Valga,-7.1,87,1014.2,-0.8,177,2.1,4.0,,nähtusteta,,0.0,22.4,2018-12-02 8:00:00
Valga,-7.1,87,1014.0,-0.6,167,1.7,4.1,,nähtusteta,,0.0,18.3,2018-12-02 9:00:00
Valga,-7.1,87,1014.1,-0.4,164,2.0,4.5,,nähtusteta,,0.0,19.3,2018-12-02 10:00:00
Valga,-6.8,86,1013.5,-0.7,171,2.2,4.7,,nähtusteta,,0.0,15.2,2018-12-02 11:00:00
Valga,-6.6,86,1013.2,-0.8,169,2.0,4.6,,nähtusteta,,0.0,14.1,2018-12-02 12:00:00
Valga,-6.4,85,1012.8,-1.3,160,1.9,3.8,,nähtusteta,,0.0,12.3,2018-12-02 13:00:00
Valga,-6.6,87,1012.5,-1.0,134,1.8,3.4,,nähtusteta,,0.0,11.9,2018-12-02 14:00:00
Valga,-6.3,87,1012.4,-0.8,142,2.4,4.5,,nähtusteta,,0.0,12.7,2018-12-02 15:00:00
Valga,-6.1,86,1012.3,-0.5,159,2.0,4.4,,nähtusteta,,0.0,15.1,2018-12-02 16:00:00
Valga,-6.6,88,1012.0,-0.5,145,2.4,5.5,,nähtusteta,,0.0,14.5,2018-12-02 17:00:00
Valga,-7.0,90,1011.6,-0.8,148,2.6,4.5,,nähtusteta,,0.0,11.3,2018-12-02 18:00:00
Valga,-7.0,88,1011.4,-0.9,159,2.4,6.7,,nähtusteta,,0.0,10.7,2018-12-02 19:00:00
Valga,-7.1,87,1011.2,-0.8,147,2.3,5.8,,nähtusteta,,0.0,12.0,2018-12-02 20:00:00
Valga,-7.6,89,1010.9,-0.7,130,1.8,4.2,,nähtusteta,,0.0,10.7,2018-12-02 21:00:00
Valga,-8.9,93,1010.7,-0.7,98,1.7,3.4,,uduvine,,0.0,9.4,2018-12-02 22:00:00
Valga,-9.7,93,1010.4,-0.8,74,1.8,2.6,,uduvine,,0.0,9.5,2018-12-02 23:00:00
Valga,-9.1,92,1010.0,-0.9,92,1.5,2.7,,nähtusteta,,0.0,12.1,2018-12-03 0:00:00
Valga,-8.2,91,1009.8,-0.9,93,1.8,2.9,,nähtusteta,,0.0,9.7,2018-12-03 1:00:00
Valga,-7.2,92,1009.3,-1.1,93,1.8,3.9,,uduvine,,0.0,8.9,2018-12-03 2:00:00
Valga,-5.8,92,1008.9,-1.1,144,2.7,4.6,,uduvine,,0.0,7.7,2018-12-03 3:00:00
Valga,-5.6,98,1008.1,-1.7,132,3.0,5.5,,uduvine,,0.0,2.6,2018-12-03 4:00:00
Valga,-5.2,97,1007.6,-1.7,113,2.2,5.1,,uduvine,,0.0,3.1,2018-12-03 5:00:00
Valga,-4.8,95,1007.1,-1.8,125,3.0,6.0,,uduvine,,0.0,5.3,2018-12-03 6:00:00
Valga,-4.7,95,1006.4,-1.7,132,3.7,6.7,,uduvine,,0.0,5.0,2018-12-03 7:00:00
Valga,-4.7,96,1006.2,-1.4,139,3.1,6.9,,uduvine,,0.0,4.5,2018-12-03 8:00:00
Valga,-4.5,96,1005.9,-1.2,147,4.3,7.9,,uduvine,,0.0,4.2,2018-12-03 9:00:00
Valga,-4.1,96,1005.8,-0.6,144,3.7,7.1,,uduvine,,0.0,4.2,2018-12-03 10:00:00
Valga,-3.5,96,1005.5,-0.7,146,3.4,7.8,,uduvine,,0.0,4.5,2018-12-03 11:00:00
Valga,-3.0,97,1004.6,-1.3,148,3.8,6.7,,uduvine,,0.0,3.8,2018-12-03 12:00:00
Valga,-2.6,96,1003.9,-1.9,145,3.5,6.3,,uduvine,,0.0,3.7,2018-12-03 13:00:00
Valga,-2.2,95,1003.4,-2.1,143,2.8,7.4,,nõrk lumi,,0.2,3.0,2018-12-03 14:00:00
Valga,-1.8,93,1003.2,-1.4,148,3.3,5.9,,nõrk lumi,,0.1,5.6,2018-12-03 15:00:00
Valga,-1.6,94,1002.9,-1.0,154,3.3,6.1,,lumi,,0.0,8.1,2018-12-03 16:00:00
Valga,-1.5,94,1002.6,-0.8,153,2.7,5.6,,nõrk lumi,,0.0,8.0,2018-12-03 17:00:00
Valga,-1.4,93,1002.2,-1.0,154,2.8,6.3,,nõrk lumi,,0.1,9.9,2018-12-03 18:00:00
Valga,-1.3,91,1001.9,-1.0,153,2.9,6.8,,nõrk lumi,,0.2,11.9,2018-12-03 19:00:00
Valga,-1.3,92,1001.7,-0.9,155,2.9,6.2,,nõrk lumi,,0.1,10.6,2018-12-03 20:00:00
Valga,-1.3,95,1001.3,-0.9,162,2.6,6.3,,lumi,,0.0,5.4,2018-12-03 21:00:00
Valga,-1.1,97,1001.4,-0.5,164,2.9,5.8,,nõrk hooglumi,,0.0,6.3,2018-12-03 22:00:00
Valga,-0.8,97,1001.3,-0.4,161,2.4,4.8,,uduvine,,0.0,3.7,2018-12-03 23:00:00
Valga,-0.5,97,1001.2,-0.1,157,2.4,5.4,,uduvine,,0.0,8.0,2018-12-04 0:00:00
Valga,0.0,98,1001.0,-0.4,159,3.2,6.3,,uduvine,,0.0,9.7,2018-12-04 1:00:00
Valga,0.3,98,1000.8,-0.5,161,2.9,6.4,,uduvine,,0.0,4.9,2018-12-04 2:00:00
Valga,0.6,97,1000.6,-0.6,155,3.4,6.3,,nähtusteta,,0.0,11.4,2018-12-04 3:00:00
Valga,0.8,97,1000.3,-0.7,163,2.7,6.6,,sademed,,0.0,13.6,2018-12-04 4:00:00
Valga,1.0,98,1000.2,-0.6,163,3.2,6.7,,nõrk hoogvihm,,0.1,13.0,2018-12-04 5:00:00
Valga,1.2,96,1000.2,-0.4,163,3.0,6.7,,nõrk vihm,,0.6,15.4,2018-12-04 6:00:00
Valga,1.4,96,1000.3,0.0,168,2.9,6.1,,nõrk vihm,,0.7,18.6,2018-12-04 7:00:00
Valga,1.4,98,1000.4,0.2,163,2.7,6.7,,uduvihm,,0.2,5.8,2018-12-04 8:00:00
Valga,1.7,97,1000.8,0.6,165,2.6,6.0,,sademed,,0.0,20.1,2018-12-04 9:00:00
Valga,1.9,97,1001.1,0.8,156,2.2,5.4,,sademed,,0.1,11.7,2018-12-04 10:00:00
Valga,2.2,97,1001.5,1.1,178,2.8,4.8,,nähtusteta,,0.0,12.3,2018-12-04 11:00:00
Valga,2.4,100,1001.7,0.9,174,2.9,5.5,,nõrk vihm,,0.0,1.6,2018-12-04 12:00:00
Valga,2.8,100,1001.9,0.8,177,2.5,5.3,,udu,,0.0,0.87,2018-12-04 13:00:00
Valga,3.1,99,1002.4,0.9,184,3.2,5.5,,nõrk hoogvihm,,0.2,14.3,2018-12-04 14:00:00
Valga,3.3,99,1002.5,0.8,165,2.2,5.7,,vihm,,0.1,7.5,2018-12-04 15:00:00
Valga,3.4,99,1002.6,0.7,172,2.1,4.7,,uduvine,,0.0,6.1,2018-12-04 16:00:00
Valga,3.3,99,1002.9,0.5,162,2.5,5.5,,uduvine,,0.0,4.7,2018-12-04 17:00:00
Valga,3.3,100,1003.3,0.8,171,2.2,5.2,,nõrk vihm,,0.1,2.7,2018-12-04 18:00:00
Valga,3.6,99,1003.4,0.8,177,2.7,6.2,,nõrk hoogvihm,,0.2,4.0,2018-12-04 19:00:00
Valga,3.4,100,1003.7,0.8,181,2.5,5.8,,nõrk vihm,,0.2,3.0,2018-12-04 20:00:00
Valga,3.7,98,1004.0,0.7,184,2.8,4.7,,nõrk vihm,,0.4,5.4,2018-12-04 21:00:00
Valga,3.6,97,1004.6,1.2,199,2.5,5.9,,sademed,,0.1,11.1,2018-12-04 22:00:00
Valga,3.6,98,1004.9,1.2,210,2.5,4.2,,nähtusteta,,0.0,11.9,2018-12-04 23:00:00
Valga,3.4,91,1005.1,1.1,201,2.7,4.8,,nähtusteta,,0.0,35.0,2018-12-05 0:00:00
Valga,3.0,91,1005.1,0.5,192,2.6,4.9,,nähtusteta,,0.0,35.0,2018-12-05 1:00:00
Valga,2.9,93,1005.2,0.3,212,3.3,5.5,,nähtusteta,,0.0,35.0,2018-12-05 2:00:00
Valga,3.0,92,1005.4,0.3,221,3.0,5.3,,nähtusteta,,0.0,32.0,2018-12-05 3:00:00
Valga,2.9,91,1005.8,0.7,215,4.0,7.2,,nähtusteta,,0.0,35.0,2018-12-05 4:00:00
Valga,2.4,94,1006.3,1.1,217,4.0,6.5,,nõrk hoogvihm,,0.0,29.2,2018-12-05 5:00:00
Valga,2.1,94,1006.5,1.1,213,3.5,6.2,,sademed,,0.1,30.6,2018-12-05 6:00:00
Valga,2.3,94,1006.9,1.1,219,4.3,7.6,,nähtusteta,,0.0,11.0,2018-12-05 7:00:00
Valga,2.3,95,1007.8,1.5,227,3.9,8.5,,nõrk hoogvihm,,0.0,11.3,2018-12-05 8:00:00
Valga,2.2,95,1008.8,2.3,228,3.5,8.1,,nõrk hoogvihm,,0.1,6.5,2018-12-05 9:00:00
Valga,2.3,96,1009.6,2.7,230,3.3,7.1,,nõrk hoogvihm,,0.3,9.9,2018-12-05 10:00:00
Valga,2.6,94,1010.4,2.6,236,2.8,6.8,,vihm,,0.1,35.0,2018-12-05 11:00:00
Valga,2.7,92,1011.2,2.4,258,3.4,7.7,,nõrk hoogvihm,,0.0,35.0,2018-12-05 12:00:00
Valga,2.9,86,1011.9,2.3,265,3.5,6.5,,nähtusteta,,0.0,35.0,2018-12-05 13:00:00
Valga,2.9,82,1012.3,1.9,249,2.5,6.6,,nähtusteta,,0.0,35.0,2018-12-05 14:00:00
Valga,2.1,83,1013.0,1.8,243,2.7,5.5,,nähtusteta,,0.0,35.0,2018-12-05 15:00:00
Valga,1.6,89,1013.8,1.9,234,2.2,6.3,,nähtusteta,,0.0,35.0,2018-12-05 16:00:00
Valga,1.2,85,1014.6,2.3,251,2.6,5.5,,nähtusteta,,0.0,35.0,2018-12-05 17:00:00
Valga,1.3,83,1015.2,2.2,241,2.6,7.3,,nähtusteta,,0.0,35.0,2018-12-05 18:00:00
Valga,0.9,87,1015.9,2.1,234,2.0,4.6,,nähtusteta,,0.0,35.0,2018-12-05 19:00:00
Valga,1.0,86,1016.6,2.0,240,2.6,5.3,,nähtusteta,,0.0,35.0,2018-12-05 20:00:00
Valga,0.5,89,1017.3,2.1,241,2.6,5.6,,nähtusteta,,0.0,35.0,2018-12-05 21:00:00
Valga,0.1,88,1017.8,1.9,243,2.8,5.6,,nähtusteta,,0.0,35.0,2018-12-05 22:00:00
Valga,0.0,90,1018.4,1.8,252,3.0,5.7,,nähtusteta,,0.0,35.0,2018-12-05 23:00:00
Valga,-0.3,89,1018.9,1.6,242,2.5,5.3,,nähtusteta,,0.0,35.0,2018-12-06 0:00:00
Valga,-0.7,91,1019.1,1.3,235,1.9,4.5,,nähtusteta,,0.0,35.0,2018-12-06 1:00:00
Valga,-1.5,92,1019.4,1.0,225,1.9,4.2,,nähtusteta,,0.0,34.1,2018-12-06 2:00:00
Valga,-1.7,93,1019.4,0.5,225,2.3,4.0,,nähtusteta,,0.0,26.0,2018-12-06 3:00:00
Valga,-1.0,94,1019.5,0.4,241,3.0,5.8,,nähtusteta,,0.0,33.2,2018-12-06 4:00:00
Valga,-1.2,95,1019.5,0.1,229,2.4,5.8,,nähtusteta,,0.0,22.3,2018-12-06 5:00:00
Valga,-1.2,94,1019.6,0.2,229,2.8,5.0,,nähtusteta,,0.0,26.3,2018-12-06 6:00:00
Valga,-0.9,94,1019.3,-0.2,228,3.4,6.1,,nähtusteta,,0.0,22.6,2018-12-06 7:00:00
Valga,-1.1,95,1019.3,-0.2,221,3.2,5.7,,nähtusteta,,0.0,16.6,2018-12-06 8:00:00
Valga,-1.0,93,1019.5,-0.1,215,2.5,5.2,,nähtusteta,,0.0,24.4,2018-12-06 9:00:00
Valga,-0.6,93,1019.4,0.1,220,3.4,6.9,,nähtusteta,,0.0,32.1,2018-12-06 10:00:00
Valga,-0.3,92,1019.6,0.3,232,3.7,6.5,,nähtusteta,,0.0,29.3,2018-12-06 11:00:00
Valga,0.1,91,1019.3,-0.2,230,2.9,6.2,,nähtusteta,,0.0,35.0,2018-12-06 12:00:00
Valga,0.6,91,1019.0,-0.4,234,2.8,6.2,,nähtusteta,,0.0,24.5,2018-12-06 13:00:00
Valga,0.7,93,1018.8,-0.8,222,3.0,5.7,,nõrk hoogvihm,,0.0,21.2,2018-12-06 14:00:00
Valga,0.7,96,1018.8,-0.5,219,2.7,6.3,,nähtusteta,,0.0,12.3,2018-12-06 15:00:00
Valga,0.9,96,1018.8,-0.2,222,2.8,5.6,,nõrk hoogvihm,,0.0,9.6,2018-12-06 16:00:00
Valga,1.1,96,1018.8,0.0,216,2.5,5.2,,sademed,,0.0,13.4,2018-12-06 17:00:00
Valga,1.2,97,1019.0,0.2,222,3.0,5.7,,uduvine,,0.0,9.4,2018-12-06 18:00:00
Valga,1.3,96,1019.0,0.2,222,2.8,5.3,,uduvine,,0.0,8.1,2018-12-06 19:00:00
Valga,1.2,96,1019.0,0.2,219,2.9,5.8,,uduvine,,0.0,11.3,2018-12-06 20:00:00
Valga,1.3,95,1019.1,0.1,231,3.4,5.2,,nähtusteta,,0.0,13.4,2018-12-06 21:00:00
Valga,1.3,94,1018.7,-0.3,219,2.8,6.0,,nähtusteta,,0.0,16.7,2018-12-06 22:00:00
Valga,0.8,96,1018.4,-0.6,202,3.1,6.2,,nähtusteta,,0.0,13.2,2018-12-06 23:00:00
Valga,0.8,94,1018.0,-1.1,206,2.8,5.4,,nähtusteta,,0.0,21.8,2018-12-07 0:00:00
Valga,0.5,92,1017.4,-1.3,192,3.2,5.6,,nähtusteta,,0.0,34.5,2018-12-07 1:00:00
Valga,0.1,91,1016.8,-1.6,196,2.7,5.9,,nähtusteta,,0.0,35.0,2018-12-07 2:00:00
Valga,-0.4,91,1016.0,-2.0,187,3.0,6.8,,nähtusteta,,0.0,30.3,2018-12-07 3:00:00
Valga,-0.6,92,1015.5,-1.9,173,2.7,6.1,,nähtusteta,,0.0,32.2,2018-12-07 4:00:00
Valga,-0.6,92,1014.6,-2.2,168,2.3,5.8,,nähtusteta,,0.0,35.0,2018-12-07 5:00:00
Valga,-0.8,92,1013.8,-2.2,171,3.5,6.1,,nähtusteta,,0.0,35.0,2018-12-07 6:00:00
Valga,-1.1,92,1013.1,-2.4,161,3.9,8.9,,nähtusteta,,0.0,27.3,2018-12-07 7:00:00
Valga,-1.5,93,1012.2,-2.4,155,4.1,10.4,,nähtusteta,,0.0,19.4,2018-12-07 8:00:00
Valga,-1.6,86,1011.6,-2.2,158,4.0,8.0,,nähtusteta,,0.0,28.1,2018-12-07 9:00:00
Valga,-1.6,84,1010.6,-2.5,150,5.1,10.4,,nähtusteta,,0.0,35.0,2018-12-07 10:00:00
Valga,-1.7,84,1010.3,-1.9,156,4.2,9.4,,nähtusteta,,0.0,30.7,2018-12-07 11:00:00
Valga,-1.9,83,1009.5,-2.1,151,4.5,8.2,,nähtusteta,,0.0,35.0,2018-12-07 12:00:00
Valga,-1.9,84,1008.4,-2.2,142,4.2,9.3,,nõrk lumi,,0.0,35.0,2018-12-07 13:00:00
Valga,-2.2,86,1007.7,-2.6,145,4.3,8.4,,nõrk lumi,,0.0,30.3,2018-12-07 14:00:00
Valga,-2.1,85,1007.2,-2.3,151,4.6,9.7,,lumi,,0.0,35.0,2018-12-07 15:00:00
Valga,-2.1,84,1006.4,-2.0,152,5.3,9.2,,nähtusteta,,0.0,35.0,2018-12-07 16:00:00
Valga,-2.0,84,1005.8,-1.9,155,4.4,9.0,,lumi,,0.0,26.8,2018-12-07 17:00:00
Valga,-2.0,85,1005.1,-2.1,161,4.1,9.1,,nõrk hooglumi,,0.0,25.9,2018-12-07 18:00:00
Valga,-1.8,85,1004.2,-2.2,161,3.7,8.2,,nähtusteta,,0.0,27.7,2018-12-07 19:00:00
Valga,-1.5,85,1004.0,-1.8,163,3.7,7.8,,nähtusteta,,0.0,25.4,2018-12-07 20:00:00
Valga,-1.3,86,1003.5,-1.6,167,3.6,7.9,,nähtusteta,,0.0,31.8,2018-12-07 21:00:00
Valga,-1.3,88,1003.1,-1.1,164,3.6,8.6,,nähtusteta,,0.0,27.2,2018-12-07 22:00:00
Valga,-1.4,89,1002.5,-1.5,159,4.7,7.8,,nähtusteta,,0.0,24.8,2018-12-07 23:00:00
Valga,-1.4,91,1002.4,-1.1,172,3.4,8.1,,nähtusteta,,0.0,15.3,2018-12-08 0:00:00
Valga,-1.4,94,1001.7,-1.4,163,3.2,7.1,,lumi,,0.0,15.6,2018-12-08 1:00:00
Valga,-1.2,94,1000.8,-1.7,153,3.9,7.3,,nõrk hooglumi,,0.0,27.1,2018-12-08 2:00:00
Valga,-1.0,93,1000.4,-2.0,155,3.7,7.8,,lumi,,0.0,35.0,2018-12-08 3:00:00
Valga,-0.8,93,999.9,-1.8,161,3.8,7.8,,nähtusteta,,0.0,35.0,2018-12-08 4:00:00
Valga,-0.7,93,999.3,-1.5,160,3.8,8.0,,nähtusteta,,0.0,35.0,2018-12-08 5:00:00
Valga,-0.5,94,999.2,-1.2,166,3.6,8.9,,nähtusteta,,0.0,35.0,2018-12-08 6:00:00
Valga,-0.4,93,998.7,-1.2,161,3.7,8.0,,nähtusteta,,0.0,35.0,2018-12-08 7:00:00
Valga,-0.3,94,998.3,-1.0,153,4.5,8.6,,nähtusteta,,0.0,35.0,2018-12-08 8:00:00
Valga,-0.2,95,997.7,-1.5,152,4.8,11.5,,nähtusteta,,0.0,23.4,2018-12-08 9:00:00
Valga,-0.3,96,997.2,-1.5,153,4.8,10.6,,nähtusteta,,0.0,18.9,2018-12-08 10:00:00
Valga,-0.2,94,996.9,-1.4,154,4.8,10.1,,nähtusteta,,0.0,26.0,2018-12-08 11:00:00
Valga,-0.1,93,996.3,-1.4,157,4.6,9.5,,uduvihm,,0.1,12.1,2018-12-08 12:00:00
Valga,0.0,94,995.8,-1.4,158,5.4,10.6,,nõrk vihm,,0.2,14.5,2018-12-08 13:00:00
Valga,0.1,95,995.3,-1.6,158,5.1,10.5,,nõrk vihm,,0.4,15.8,2018-12-08 14:00:00
Valga,0.3,94,995.3,-1.0,164,4.0,11.1,,nõrk vihm koos lumega,,0.5,19.0,2018-12-08 15:00:00
Valga,0.4,93,995.1,-0.7,168,4.5,9.5,,nõrk vihm koos lumega,,0.9,12.6,2018-12-08 16:00:00
Valga,0.4,94,995.1,-0.2,171,3.8,8.2,,nõrk vihm,,0.6,18.7,2018-12-08 17:00:00
Valga,0.4,96,995.3,0.0,176,3.4,7.7,,nõrk vihm koos lumega,,0.5,19.5,2018-12-08 18:00:00
Valga,0.5,97,995.4,0.3,178,3.1,6.9,,nõrk hoogvihm,,0.1,4.1,2018-12-08 19:00:00
Valga,0.8,98,995.5,0.4,183,2.9,5.9,,nähtusteta,,0.0,31.0,2018-12-08 20:00:00
Valga,1.2,98,995.8,0.5,181,2.8,5.6,,nähtusteta,,0.0,20.5,2018-12-08 21:00:00
Valga,1.8,97,996.0,0.6,181,2.5,4.6,,uduvine,,0.0,13.4,2018-12-08 22:00:00
Valga,2.1,96,996.2,0.7,183,2.8,4.6,,nähtusteta,,0.0,20.5,2018-12-08 23:00:00
Valga,1.6,97,996.1,0.3,167,2.3,5.7,,nähtusteta,,0.0,18.4,2018-12-09 0:00:00
Valga,1.5,96,995.9,-0.1,170,2.7,5.3,,nähtusteta,,0.0,25.2,2018-12-09 1:00:00
Valga,1.4,95,995.7,-0.5,165,2.8,5.9,,nähtusteta,,0.0,28.3,2018-12-09 2:00:00
Valga,1.6,94,995.4,-0.7,163,3.1,6.2,,nähtusteta,,0.0,33.1,2018-12-09 3:00:00
Valga,2.0,94,995.0,-0.9,177,3.9,6.6,,nähtusteta,,0.0,28.1,2018-12-09 4:00:00
Valga,2.1,94,994.5,-1.2,163,3.6,8.3,,nähtusteta,,0.0,20.2,2018-12-09 5:00:00
Valga,2.2,94,994.2,-1.2,165,3.4,7.5,,nähtusteta,,0.0,17.1,2018-12-09 6:00:00
Valga,2.2,94,994.1,-0.9,167,3.2,8.1,,nähtusteta,,0.0,16.5,2018-12-09 7:00:00
Valga,2.2,94,994.2,-0.3,165,2.8,6.9,,nähtusteta,,0.0,17.4,2018-12-09 8:00:00
Valga,2.2,94,994.4,0.2,155,3.4,7.9,,nähtusteta,,0.0,23.3,2018-12-09 9:00:00
Valga,2.3,91,994.6,0.5,158,4.3,8.8,,nähtusteta,,0.0,23.0,2018-12-09 10:00:00
Valga,2.4,92,994.7,0.5,158,4.0,7.8,,nähtusteta,,0.0,19.4,2018-12-09 11:00:00
Valga,2.4,92,994.7,0.3,164,3.8,8.4,,nähtusteta,,0.0,18.2,2018-12-09 12:00:00
Valga,2.2,93,994.5,-0.1,168,3.4,7.8,,nõrk hoogvihm,,0.0,11.1,2018-12-09 13:00:00
Valga,2.1,95,994.4,-0.3,161,3.2,7.7,,vihm,,0.0,12.3,2018-12-09 14:00:00
Valga,2.0,95,994.4,-0.3,158,3.3,7.2,,nähtusteta,,0.0,13.4,2018-12-09 15:00:00
Valga,2.0,94,994.1,-0.4,154,3.9,7.0,,nähtusteta,,0.0,15.2,2018-12-09 16:00:00
Valga,2.1,93,994.2,-0.2,159,3.3,7.8,,nähtusteta,,0.0,17.7,2018-12-09 17:00:00
Valga,2.1,93,993.9,-0.5,153,3.9,7.8,,nähtusteta,,0.0,21.3,2018-12-09 18:00:00
Valga,2.2,91,993.8,-0.3,160,3.8,7.8,,nähtusteta,,0.0,24.0,2018-12-09 19:00:00
Valga,2.1,92,993.7,-0.5,152,4.0,8.1,,nähtusteta,,0.0,22.2,2018-12-09 20:00:00
Valga,2.3,90,993.8,-0.1,158,4.4,8.9,,nähtusteta,,0.0,26.3,2018-12-09 21:00:00
Valga,2.2,90,994.2,0.4,162,3.6,7.5,,nähtusteta,,0.0,29.7,2018-12-09 22:00:00
Valga,2.2,90,994.1,0.4,160,4.1,8.1,,nähtusteta,,0.0,28.5,2018-12-09 23:00:00
Valga,2.1,90,993.8,0.0,143,3.7,7.6,,nähtusteta,,0.0,26.6,2018-12-10 0:00:00
Valga,2.0,91,993.7,-0.5,144,3.3,7.5,,nähtusteta,,0.0,21.8,2018-12-10 1:00:00
Valga,1.9,92,993.7,-0.4,150,3.3,6.3,,nähtusteta,,0.0,21.1,2018-12-10 2:00:00
Valga,1.8,91,993.6,-0.2,145,3.4,7.6,,nähtusteta,,0.0,27.0,2018-12-10 3:00:00
Valga,1.6,91,993.4,-0.3,140,3.1,7.1,,uduvihm,,0.0,32.8,2018-12-10 4:00:00
Valga,1.4,93,993.3,-0.4,141,3.4,7.3,,nõrk vihm,,0.0,26.0,2018-12-10 5:00:00
Valga,1.1,94,993.4,-0.2,143,3.6,7.7,,nõrk vihm,,0.1,14.2,2018-12-10 6:00:00
Valga,0.9,96,993.5,0.1,141,2.8,6.6,,uduvihm,,0.0,12.2,2018-12-10 7:00:00
Valga,0.7,97,993.8,0.5,136,3.0,6.0,,nõrk vihm koos lumega,,0.1,10.0,2018-12-10 8:00:00
Valga,0.7,97,994.0,0.6,136,2.6,5.2,,nõrk hoogvihm,,0.3,16.1,2018-12-10 9:00:00
Valga,0.9,96,994.5,1.0,142,2.9,5.5,,nõrk hoogvihm,,0.1,12.4,2018-12-10 10:00:00
Valga,1.0,96,994.7,0.9,143,2.8,4.5,,nõrk hoogvihm,,0.0,19.7,2018-12-10 11:00:00
Valga,1.1,97,995.0,1.0,140,2.6,5.6,,vihm,,0.0,21.7,2018-12-10 12:00:00
Valga,1.3,97,995.5,1.0,148,2.3,5.2,,nähtusteta,,0.0,13.1,2018-12-10 13:00:00
Valga,1.3,97,995.9,1.2,144,2.0,4.6,,nähtusteta,,0.0,22.2,2018-12-10 14:00:00
Valga,1.3,98,996.7,1.7,149,1.5,3.8,,nõrk vihm,,0.0,13.0,2018-12-10 15:00:00
Valga,1.1,98,997.3,1.8,125,1.4,2.8,,nõrk vihm,,0.5,3.7,2018-12-10 16:00:00
Valga,1.2,99,997.9,2.0,113,1.1,2.9,,nõrk vihm,,0.0,8.1,2018-12-10 17:00:00
Valga,1.2,99,998.5,1.8,145,1.3,2.4,,sademed,,0.0,6.8,2018-12-10 18:00:00
Valga,1.2,99,999.1,1.8,138,1.4,2.4,,nõrk hoogvihm,,0.0,7.2,2018-12-10 19:00:00
Valga,1.3,100,999.6,1.7,161,1.3,2.7,,uduvine,,0.0,3.9,2018-12-10 20:00:00
Valga,1.3,99,1000.4,1.9,159,0.9,2.5,,uduvine,,0.0,8.9,2018-12-10 21:00:00
Valga,1.5,99,1001.2,2.1,145,0.9,1.9,,uduvine,,0.0,2.8,2018-12-10 22:00:00
Valga,1.4,100,1001.8,2.2,143,0.5,2.1,,uduvine,,0.0,1.4,2018-12-10 23:00:00
Valga,1.5,100,1002.4,2.0,155,1.0,1.8,,udu,,0.0,0.58,2018-12-11 0:00:00
Valga,1.6,100,1003.2,2.0,189,1.2,1.8,,udu,,0.0,0.22,2018-12-11 1:00:00
Valga,2.0,97,1003.8,2.0,243,0.5,1.4,,udu,,0.0,0.22,2018-12-11 2:00:00
Valga,1.5,100,1004.4,2.0,179,0.2,0.8,,udu,,0.0,0.21,2018-12-11 3:00:00
Valga,1.4,99,1005.1,1.9,247,0.4,0.9,,udu,,0.0,0.25,2018-12-11 4:00:00
Valga,1.4,100,1005.6,1.8,146,0.4,0.7,,udu,,0.0,0.2,2018-12-11 5:00:00
Valga,1.3,99,1006.3,1.9,266,0.4,0.7,,udu,,0.0,0.2,2018-12-11 6:00:00
Valga,1.3,99,1007.0,1.9,81,0.2,1.0,,udu,,0.0,0.57,2018-12-11 7:00:00
Valga,1.7,100,1007.9,2.3,248,0.5,1.3,,udu,,0.0,1.2,2018-12-11 8:00:00
Valga,1.2,100,1008.6,2.3,342,1.0,1.6,,udu,,0.0,1.8,2018-12-11 9:00:00
Valga,1.3,100,1009.4,2.4,6,0.6,1.5,,udu,,0.0,1.1,2018-12-11 10:00:00
Valga,1.3,100,1010.0,2.1,3,1.6,2.4,,udu,,0.0,0.82,2018-12-11 11:00:00
Valga,1.2,100,1010.7,2.1,344,1.1,2.3,,udu,,0.0,2.2,2018-12-11 12:00:00
Valga,1.1,100,1011.3,1.9,348,1.8,3.0,,udu,,0.0,0.87,2018-12-11 13:00:00
Valga,1.0,100,1011.9,1.9,356,1.9,3.3,,udu,,0.0,0.58,2018-12-11 14:00:00
Valga,0.8,100,1012.6,1.9,1,2.1,3.5,,udu,,0.0,0.51,2018-12-11 15:00:00
Valga,0.5,100,1013.3,2.0,8,1.6,3.2,,udu,,0.0,4.4,2018-12-11 16:00:00
Valga,0.3,100,1014.2,2.3,359,1.4,3.5,,uduvine,,0.0,5.2,2018-12-11 17:00:00
Valga,0.2,100,1014.9,2.3,2,1.4,3.5,,uduvine,,0.0,2.3,2018-12-11 18:00:00
Valga,0.1,100,1015.5,2.2,351,2.0,3.4,,uduvine,,0.0,2.4,2018-12-11 19:00:00
Valga,0.1,99,1016.2,2.0,11,2.1,3.3,,uduvine,,0.0,6.0,2018-12-11 20:00:00
Valga,0.0,99,1017.0,2.1,10,2.0,4.0,,nõrk lumi,,0.1,4.5,2018-12-11 21:00:00
Valga,0.1,99,1017.7,2.2,9,1.6,3.2,,vihm,,0.0,5.7,2018-12-11 22:00:00
Valga,0.1,98,1018.2,2.0,17,2.3,4.4,,uduvine,,0.0,7.3,2018-12-11 23:00:00
Valga,0.1,98,1018.8,1.8,9,2.2,4.0,,uduvine,,0.0,5.3,2018-12-12 0:00:00
Valga,0.2,98,1019.2,1.5,25,1.9,4.0,,uduvine,,0.0,8.9,2018-12-12 1:00:00
Valga,0.2,97,1019.7,1.5,26,2.1,3.9,,nähtusteta,,0.0,13.4,2018-12-12 2:00:00
Valga,0.1,98,1020.3,1.5,37,1.8,3.8,,nähtusteta,,0.0,11.2,2018-12-12 3:00:00
Valga,0.1,97,1020.8,1.6,33,2.2,4.0,,nähtusteta,,0.0,11.3,2018-12-12 4:00:00
Valga,0.1,96,1021.2,1.5,21,2.9,4.4,,vihm,,0.0,12.0,2018-12-12 5:00:00
Valga,0.1,96,1021.8,1.5,21,2.3,4.4,,nähtusteta,,0.0,7.5,2018-12-12 6:00:00
Valga,-0.4,99,1022.6,1.8,27,3.1,7.7,,lumi,,0.0,9.3,2018-12-12 7:00:00
Valga,-0.8,92,1023.4,2.2,17,4.7,8.1,,nähtusteta,,0.0,28.0,2018-12-12 8:00:00
Valga,-1.0,91,1024.4,2.6,46,4.1,7.3,,nähtusteta,,0.0,33.5,2018-12-12 9:00:00
Valga,-0.9,94,1024.8,2.2,8,1.6,4.0,,nähtusteta,,0.0,26.2,2018-12-12 10:00:00
Valga,-0.6,94,1024.9,1.5,3,2.3,4.8,,nähtusteta,,0.0,20.5,2018-12-12 11:00:00
Valga,-0.5,94,1024.9,0.5,3,1.7,4.8,,nähtusteta,,0.0,20.0,2018-12-12 12:00:00
Valga,-0.4,93,1025.0,0.2,13,1.8,3.7,,nähtusteta,,0.0,11.8,2018-12-12 13:00:00
Valga,-0.5,93,1025.5,0.6,2,3.0,5.0,,nõrk lumi,,0.0,6.0,2018-12-12 14:00:00
Valga,-0.5,91,1025.9,1.0,22,3.3,5.8,,nõrk hooglumi,,0.1,16.6,2018-12-12 15:00:00
Valga,-0.6,91,1026.1,1.1,14,3.1,5.4,,nähtusteta,,0.0,26.7,2018-12-12 16:00:00
Valga,-0.7,86,1026.5,1.0,21,2.8,7.5,,nähtusteta,,0.0,29.0,2018-12-12 17:00:00
Valga,-1.0,81,1026.7,0.8,25,4.1,7.9,,nähtusteta,,0.0,35.0,2018-12-12 18:00:00
Valga,-1.5,82,1027.0,0.9,48,4.6,8.2,,nähtusteta,,0.0,35.0,2018-12-12 19:00:00
Valga,-1.8,83,1027.5,1.0,42,4.1,8.0,,nähtusteta,,0.0,32.3,2018-12-12 20:00:00
Valga,-1.9,84,1027.7,1.0,40,3.5,7.1,,nähtusteta,,0.0,35.0,2018-12-12 21:00:00
Valga,-2.1,81,1027.7,0.7,12,2.4,6.7,,nähtusteta,,0.0,26.7,2018-12-12 22:00:00
Valga,-2.1,86,1027.7,0.2,16,2.0,4.8,,nähtusteta,,0.0,27.2,2018-12-12 23:00:00
Valga,-2.0,88,1027.8,0.1,13,2.2,4.5,,nähtusteta,,0.0,25.1,2018-12-13 0:00:00
Valga,-1.9,90,1027.9,0.2,25,2.6,4.5,,nähtusteta,,0.0,16.9,2018-12-13 1:00:00
Valga,-1.8,91,1027.8,0.1,34,1.9,4.7,,lumi,,0.0,28.1,2018-12-13 2:00:00
Valga,-1.7,92,1027.5,-0.3,14,1.9,3.5,,nähtusteta,,0.0,33.0,2018-12-13 3:00:00
Valga,-1.5,95,1027.6,-0.3,27,2.8,5.4,,nähtusteta,,0.0,18.0,2018-12-13 4:00:00
Valga,-1.2,92,1027.5,-0.3,33,2.8,5.5,,nähtusteta,,0.0,20.6,2018-12-13 5:00:00
Valga,-1.1,92,1027.8,0.3,38,3.7,6.2,,nõrk lumi,,0.0,16.4,2018-12-13 6:00:00
Valga,-1.0,91,1027.8,0.2,45,3.0,6.5,,lumi,,0.0,24.7,2018-12-13 7:00:00
Valga,-0.9,90,1027.9,0.4,48,3.0,6.6,,nähtusteta,,0.0,26.8,2018-12-13 8:00:00
Valga,-0.8,90,1028.2,0.4,58,3.6,8.2,,nähtusteta,,0.0,27.5,2018-12-13 9:00:00
Valga,-0.6,89,1028.6,0.8,61,4.4,8.3,,nähtusteta,,0.0,33.0,2018-12-13 10:00:00
Valga,-0.8,89,1028.9,1.0,72,4.7,8.5,,nähtusteta,,0.0,30.9,2018-12-13 11:00:00
Valga,-0.7,88,1028.9,0.7,63,3.9,8.4,,nõrk hooglumi,,0.0,35.0,2018-12-13 12:00:00
Valga,-0.3,84,1028.7,0.1,62,3.1,8.1,,nähtusteta,,0.0,35.0,2018-12-13 13:00:00
Valga,-0.2,81,1028.9,0.0,56,3.4,6.4,,nähtusteta,,0.0,35.0,2018-12-13 14:00:00
Valga,-0.3,83,1029.2,0.3,47,3.0,5.8,,nähtusteta,,0.0,35.0,2018-12-13 15:00:00
Valga,-0.3,86,1029.1,0.4,43,3.0,6.3,,nähtusteta,,0.0,35.0,2018-12-13 16:00:00
Valga,-0.3,88,1029.2,0.3,49,3.4,5.8,,nähtusteta,,0.0,35.0,2018-12-13 17:00:00
Valga,-0.2,86,1029.2,0.0,53,3.2,6.5,,nähtusteta,,0.0,35.0,2018-12-13 18:00:00
Valga,-0.2,82,1029.4,0.3,60,3.9,7.0,,nähtusteta,,0.0,35.0,2018-12-13 19:00:00
Valga,-0.2,81,1029.5,0.3,62,4.2,7.3,,nähtusteta,,0.0,35.0,2018-12-13 20:00:00
Valga,-0.4,78,1029.7,0.5,73,3.2,10.3,,nähtusteta,,0.0,35.0,2018-12-13 21:00:00
Valga,-0.8,83,1030.1,0.7,62,3.1,7.3,,nõrk hooglumi,,0.0,35.0,2018-12-13 22:00:00
Valga,-1.0,83,1030.5,1.0,60,3.1,7.3,,nõrk hooglumi,,0.0,35.0,2018-12-13 23:00:00
Valga,-1.3,81,1030.6,0.9,47,3.2,6.4,,nähtusteta,,0.0,35.0,2018-12-14 0:00:00
Valga,-1.6,82,1030.6,0.5,52,2.7,7.1,,nähtusteta,,0.0,35.0,2018-12-14 1:00:00
Valga,-1.8,82,1030.9,0.4,55,3.4,5.9,,nähtusteta,,0.0,35.0,2018-12-14 2:00:00
Valga,-1.9,83,1031.1,0.5,56,3.4,5.8,,nähtusteta,,0.0,35.0,2018-12-14 3:00:00
Valga,-2.1,83,1031.2,0.6,57,3.7,6.7,,nähtusteta,,0.0,35.0,2018-12-14 4:00:00
Valga,-2.3,83,1030.8,-0.1,50,3.1,6.7,,nähtusteta,,0.0,35.0,2018-12-14 5:00:00
Valga,-2.4,86,1031.0,-0.1,52,2.9,6.7,,nähtusteta,,0.0,35.0,2018-12-14 6:00:00
Valga,-2.5,87,1031.5,0.3,78,2.2,6.1,,nähtusteta,,0.0,30.8,2018-12-14 7:00:00
Valga,-2.5,87,1031.8,1.0,71,2.8,4.8,,nähtusteta,,0.0,35.0,2018-12-14 8:00:00
Valga,-2.4,87,1032.2,1.2,58,2.4,4.6,,nähtusteta,,0.0,35.0,2018-12-14 9:00:00
Valga,-2.4,87,1032.6,1.1,53,2.3,5.5,,nähtusteta,,0.0,34.2,2018-12-14 10:00:00
Valga,-2.3,86,1032.7,0.9,64,2.6,5.2,,nähtusteta,,0.0,29.2,2018-12-14 11:00:00
Valga,-2.2,86,1033.0,0.8,54,3.1,5.3,,nähtusteta,,0.0,35.0,2018-12-14 12:00:00
Valga,-2.1,86,1032.8,0.2,64,3.4,5.9,,nähtusteta,,0.0,35.0,2018-12-14 13:00:00
Valga,-2.1,85,1033.0,0.3,62,3.2,5.9,,nähtusteta,,0.0,32.6,2018-12-14 14:00:00
Valga,-2.1,86,1033.3,0.3,64,2.7,5.0,,nähtusteta,,0.0,34.8,2018-12-14 15:00:00
Valga,-2.2,87,1033.4,0.6,62,1.6,3.6,,nähtusteta,,0.0,25.7,2018-12-14 16:00:00
Valga,-2.2,86,1033.7,0.7,43,2.0,3.2,,nähtusteta,,0.0,30.3,2018-12-14 17:00:00
Valga,-2.2,87,1033.8,0.5,39,1.8,3.1,,nähtusteta,,0.0,29.2,2018-12-14 18:00:00
Valga,-2.2,87,1034.1,0.7,44,2.4,4.1,,nähtusteta,,0.0,24.3,2018-12-14 19:00:00
Valga,-2.3,87,1034.1,0.4,50,2.7,4.3,,nähtusteta,,0.0,35.0,2018-12-14 20:00:00
Valga,-2.3,89,1034.1,0.3,57,2.4,4.4,,nähtusteta,,0.0,34.6,2018-12-14 21:00:00
Valga,-2.4,89,1034.5,0.4,62,2.0,4.7,,nähtusteta,,0.0,30.7,2018-12-14 22:00:00
Valga,-2.4,89,1034.7,0.6,56,2.0,3.5,,nähtusteta,,0.0,33.1,2018-12-14 23:00:00
Valga,-2.4,89,1034.6,0.5,59,1.9,3.9,,nähtusteta,,0.0,35.0,2018-12-15 0:00:00
Valga,-2.6,88,1034.6,0.1,64,2.4,4.6,,nähtusteta,,0.0,35.0,2018-12-15 1:00:00
Valga,-3.1,88,1034.8,0.1,82,2.9,5.3,,nähtusteta,,0.0,35.0,2018-12-15 2:00:00
Valga,-3.0,88,1035.0,0.4,61,1.7,4.5,,nähtusteta,,0.0,35.0,2018-12-15 3:00:00
Valga,-2.9,87,1035.0,0.4,96,2.2,3.9,,nähtusteta,,0.0,35.0,2018-12-15 4:00:00
Valga,-2.9,86,1035.2,0.4,112,2.4,4.4,,nähtusteta,,0.0,35.0,2018-12-15 5:00:00
Valga,-3.1,88,1035.2,0.2,68,2.3,4.3,,nähtusteta,,0.0,34.3,2018-12-15 6:00:00
Valga,-3.4,88,1035.5,0.5,61,2.6,5.0,,nähtusteta,,0.0,34.5,2018-12-15 7:00:00
Valga,-3.4,87,1035.8,0.6,60,1.8,4.5,,nähtusteta,,0.0,35.0,2018-12-15 8:00:00
Valga,-3.3,88,1036.1,0.9,58,1.5,2.5,,nähtusteta,,0.0,35.0,2018-12-15 9:00:00
Valga,-3.0,89,1036.3,0.8,66,1.4,2.6,,nähtusteta,,0.0,30.6,2018-12-15 10:00:00
Valga,-2.8,88,1036.5,0.7,72,1.5,2.7,,nähtusteta,,0.0,26.3,2018-12-15 11:00:00
Valga,-2.7,87,1036.4,0.3,73,2.2,3.5,,nähtusteta,,0.0,33.1,2018-12-15 12:00:00
Valga,-2.8,87,1036.4,0.1,62,2.5,4.8,,nähtusteta,,0.0,34.3,2018-12-15 13:00:00
Valga,-2.8,86,1036.5,0.0,67,2.8,4.6,,nähtusteta,,0.0,29.6,2018-12-15 14:00:00
Valga,-2.9,85,1036.6,0.2,76,2.4,4.3,,nähtusteta,,0.0,20.7,2018-12-15 15:00:00
Valga,-3.0,85,1036.8,0.4,68,2.5,4.6,,nähtusteta,,0.0,17.0,2018-12-15 16:00:00
Valga,-3.2,87,1036.6,0.1,59,2.5,4.2,,nähtusteta,,0.0,17.8,2018-12-15 17:00:00
Valga,-3.3,87,1036.4,-0.2,69,2.8,4.3,,nähtusteta,,0.0,23.0,2018-12-15 18:00:00
Valga,-3.4,89,1036.4,-0.4,66,2.9,4.9,,nähtusteta,,0.0,24.2,2018-12-15 19:00:00
Valga,-3.5,89,1036.5,-0.1,71,2.3,4.8,,nähtusteta,,0.0,20.1,2018-12-15 20:00:00
Valga,-3.7,91,1036.2,-0.2,76,1.6,4.5,,nähtusteta,,0.0,19.3,2018-12-15 21:00:00
Valga,-3.9,92,1036.2,-0.2,67,2.1,4.0,,nähtusteta,,0.0,17.8,2018-12-15 22:00:00
Valga,-4.2,92,1036.2,-0.3,71,2.3,4.2,,nähtusteta,,0.0,18.3,2018-12-15 23:00:00
Valga,-4.4,92,1035.9,-0.3,71,2.2,4.7,,nähtusteta,,0.0,17.7,2018-12-16 0:00:00
Valga,-4.8,92,1036.1,-0.1,69,2.8,4.6,,nähtusteta,,0.0,17.8,2018-12-16 1:00:00
Valga,-5.0,92,1035.9,-0.3,66,2.3,4.7,,nähtusteta,,0.0,16.5,2018-12-16 2:00:00
Valga,-5.0,92,1035.7,-0.2,75,2.3,4.6,,nähtusteta,,0.0,19.8,2018-12-16 3:00:00
Valga,-4.8,92,1035.3,-0.8,92,1.6,4.2,,nähtusteta,,0.0,25.2,2018-12-16 4:00:00
Valga,-4.7,92,1034.8,-1.1,89,1.5,3.5,,nähtusteta,,0.0,29.3,2018-12-16 5:00:00
Valga,-4.3,92,1034.4,-1.3,101,2.0,4.2,,nähtusteta,,0.0,25.7,2018-12-16 6:00:00
Valga,-4.5,85,1033.8,-1.5,121,3.5,6.2,,nähtusteta,,0.0,35.0,2018-12-16 7:00:00
Valga,-4.8,86,1033.9,-0.9,107,3.5,5.7,,nähtusteta,,0.0,35.0,2018-12-16 8:00:00
Valga,-5.1,87,1033.7,-0.7,120,3.8,7.1,,nähtusteta,,0.0,35.0,2018-12-16 9:00:00
Valga,-5.3,87,1033.5,-0.3,100,2.8,6.9,,nähtusteta,,0.0,35.0,2018-12-16 10:00:00
Valga,-5.1,89,1033.2,-0.7,116,3.8,6.8,,nähtusteta,,0.0,35.0,2018-12-16 11:00:00
Valga,-4.6,89,1032.6,-1.1,115,2.5,6.1,,nähtusteta,,0.0,28.5,2018-12-16 12:00:00
Valga,-4.4,90,1031.9,-1.6,118,3.7,6.9,,nähtusteta,,0.0,35.0,2018-12-16 13:00:00
Valga,-4.2,90,1031.2,-2.0,114,3.2,6.2,,nähtusteta,,0.0,29.8,2018-12-16 14:00:00
Valga,-3.9,91,1030.8,-1.8,111,2.9,7.6,,nähtusteta,,0.0,30.0,2018-12-16 15:00:00
Valga,-3.6,91,1030.5,-1.4,113,3.4,5.8,,nähtusteta,,0.0,25.2,2018-12-16 16:00:00
Valga,-3.3,90,1029.6,-1.6,113,4.1,7.4,,nähtusteta,,0.0,21.1,2018-12-16 17:00:00
Valga,-3.0,91,1029.2,-1.6,112,4.2,8.5,,nähtusteta,,0.0,30.5,2018-12-16 18:00:00
Valga,-2.7,90,1028.5,-2.0,114,4.4,7.8,,nähtusteta,,0.0,33.2,2018-12-16 19:00:00
Valga,-2.5,90,1027.8,-1.8,111,4.1,7.8,,nähtusteta,,0.0,35.0,2018-12-16 20:00:00
Valga,-2.5,87,1027.2,-2.0,114,4.2,8.2,,nähtusteta,,0.0,35.0,2018-12-16 21:00:00
Valga,-2.5,86,1027.1,-1.4,130,4.0,8.1,,nähtusteta,,0.0,35.0,2018-12-16 22:00:00
Valga,-2.3,85,1027.1,-0.7,150,4.1,9.6,,nähtusteta,,0.0,35.0,2018-12-16 23:00:00
Valga,-2.2,85,1027.1,-0.1,156,3.8,9.1,,nähtusteta,,0.0,35.0,2018-12-17 0:00:00
Valga,-2.2,82,1026.7,-0.4,150,4.7,7.3,,nähtusteta,,0.0,35.0,2018-12-17 1:00:00
Valga,-2.2,84,1026.5,-0.6,158,3.8,8.5,,nähtusteta,,0.0,35.0,2018-12-17 2:00:00
Valga,-2.2,84,1026.3,-0.8,150,3.8,6.8,,nähtusteta,,0.0,34.0,2018-12-17 3:00:00
Valga,-2.1,84,1025.9,-0.8,149,3.8,8.2,,nähtusteta,,0.0,35.0,2018-12-17 4:00:00
Valga,-2.3,88,1025.8,-0.7,148,3.8,6.7,,nõrk hooglumi,,0.0,4.6,2018-12-17 5:00:00
Valga,-2.4,89,1025.7,-0.6,149,3.2,5.8,,nõrk lumi,,0.3,13.6,2018-12-17 6:00:00
Valga,-2.4,90,1025.7,-0.2,149,3.3,5.9,,nõrk lumi,,0.2,7.5,2018-12-17 7:00:00
Valga,-2.6,92,1025.8,0.0,141,3.6,6.5,,nõrk lumi,,0.2,8.5,2018-12-17 8:00:00
Valga,-2.6,93,1026.3,0.6,153,2.8,6.6,,nõrk lumi,,0.3,2.0,2018-12-17 9:00:00
Valga,-2.7,92,1026.4,0.7,151,3.1,6.2,,nõrk lumi,,0.4,4.5,2018-12-17 10:00:00
Valga,-2.7,92,1026.6,0.8,155,3.2,6.1,,nõrk lumi,,0.3,3.2,2018-12-17 11:00:00
Valga,-2.6,91,1026.6,0.3,154,2.6,5.7,,nõrk lumi,,0.2,5.6,2018-12-17 12:00:00
Valga,-2.7,92,1026.3,-0.1,149,2.6,5.6,,nõrk lumi,,0.2,4.6,2018-12-17 13:00:00
Valga,-2.7,91,1026.4,-0.2,150,3.0,5.1,,nõrk lumi,,0.1,6.3,2018-12-17 14:00:00
Valga,-2.9,90,1026.5,-0.1,153,2.5,4.8,,nõrk lumi,,0.0,13.8,2018-12-17 15:00:00
Valga,-3.1,91,1026.7,0.4,148,2.7,5.2,,nõrk lumi,,0.0,16.8,2018-12-17 16:00:00
Valga,-3.1,90,1027.0,0.6,156,2.6,5.3,,nõrk hooglumi,,0.0,8.3,2018-12-17 17:00:00
Valga,-3.4,91,1027.0,0.5,155,2.2,5.2,,nõrk lumi,,0.1,6.4,2018-12-17 18:00:00
Valga,-3.3,91,1027.3,0.6,152,1.9,3.6,,nõrk hooglumi,,0.1,14.9,2018-12-17 19:00:00
Valga,-3.4,90,1027.6,0.6,155,2.6,4.8,,nõrk hooglumi,,0.0,14.2,2018-12-17 20:00:00
Valga,-3.5,90,1027.9,0.9,161,2.0,4.6,,nõrk lumi,,0.1,8.0,2018-12-17 21:00:00
Valga,-3.7,93,1028.3,1.0,160,1.6,4.1,,nõrk lumi,,0.3,2.7,2018-12-17 22:00:00
Valga,-3.9,93,1028.4,0.8,159,1.6,3.6,,nõrk lumi,,0.4,2.7,2018-12-17 23:00:00
Valga,-4.0,93,1028.5,0.6,161,1.7,3.0,,nõrk lumi,,0.4,3.6,2018-12-18 0:00:00
Valga,-4.0,93,1028.4,0.1,158,1.2,2.8,,nõrk lumi,,0.3,3.8,2018-12-18 1:00:00
Valga,-4.1,93,1028.3,-0.1,161,1.2,2.8,,nõrk lumi,,0.5,3.0,2018-12-18 2:00:00
Valga,-4.2,94,1028.2,-0.3,160,1.3,2.9,,nõrk lumi,,0.4,4.6,2018-12-18 3:00:00
Valga,-4.2,94,1028.3,-0.1,166,1.2,2.8,,nõrk lumi,,0.3,2.2,2018-12-18 4:00:00
Valga,-4.3,94,1028.3,0.0,170,1.1,2.6,,nõrk lumi,,0.5,3.2,2018-12-18 5:00:00
Valga,-4.3,93,1028.3,0.1,167,1.5,2.7,,nõrk lumi,,0.3,2.6,2018-12-18 6:00:00
Valga,-4.4,93,1028.3,0.0,173,1.2,2.5,,nõrk lumi,,0.2,5.4,2018-12-18 7:00:00
Valga,-4.6,93,1028.5,0.2,163,1.1,2.9,,nõrk lumi,,0.2,5.2,2018-12-18 8:00:00
Valga,-4.6,93,1028.9,0.6,168,1.0,2.4,,nõrk lumi,,0.0,11.3,2018-12-18 9:00:00
Valga,-4.5,93,1029.3,1.0,161,1.3,2.2,,nõrk lumi,,0.0,5.5,2018-12-18 10:00:00
Valga,-4.4,92,1029.4,0.9,175,1.6,2.7,,nõrk lumi,,0.0,6.9,2018-12-18 11:00:00
Valga,-3.9,90,1029.5,0.6,182,1.6,3.0,,lumi,,0.0,14.0,2018-12-18 12:00:00
Valga,-3.9,89,1029.5,0.2,223,1.9,3.5,,nähtusteta,,0.0,13.7,2018-12-18 13:00:00
Valga,-4.3,90,1029.8,0.4,215,1.6,3.0,,nähtusteta,,0.0,14.5,2018-12-18 14:00:00
Valga,-4.4,92,1029.8,0.3,220,2.0,3.1,,nähtusteta,,0.0,12.9,2018-12-18 15:00:00
Valga,-5.2,95,1030.0,0.5,212,2.9,4.5,,uduvine,,0.0,9.9,2018-12-18 16:00:00
Valga,-5.6,97,1030.4,0.6,196,2.2,5.0,,uduvine,,0.0,7.6,2018-12-18 17:00:00
Valga,-5.2,94,1030.8,1.0,199,1.7,4.6,,uduvine,,0.0,9.0,2018-12-18 18:00:00
Valga,-5.2,94,1031.2,1.2,189,1.7,3.5,,nähtusteta,,0.0,10.7,2018-12-18 19:00:00
Valga,-5.0,93,1031.2,0.8,165,1.2,2.6,,nähtusteta,,0.0,10.6,2018-12-18 20:00:00
Valga,-4.4,89,1031.4,0.6,187,0.5,2.3,,nähtusteta,,0.0,11.6,2018-12-18 21:00:00
Valga,-4.5,90,1031.4,0.2,157,1.3,2.5,,nähtusteta,,0.0,13.1,2018-12-18 22:00:00
Valga,-4.4,90,1031.6,0.4,179,1.1,2.9,,nähtusteta,,0.0,13.9,2018-12-18 23:00:00
Valga,-4.3,89,1031.8,0.4,172,1.2,2.3,,nähtusteta,,0.0,15.6,2018-12-19 0:00:00
Valga,-4.3,89,1031.8,0.4,180,0.8,2.2,,nähtusteta,,0.0,14.3,2018-12-19 1:00:00
Valga,-4.2,90,1031.8,0.2,165,1.5,2.6,,nähtusteta,,0.0,17.4,2018-12-19 2:00:00
Valga,-4.4,92,1031.8,0.0,156,1.4,3.5,,nähtusteta,,0.0,16.9,2018-12-19 3:00:00
Valga,-4.5,92,1031.6,-0.2,144,1.4,2.8,,nähtusteta,,0.0,14.4,2018-12-19 4:00:00
Valga,-4.8,92,1031.7,-0.1,156,1.4,3.2,,nähtusteta,,0.0,13.9,2018-12-19 5:00:00
Valga,-4.8,94,1031.6,-0.2,132,1.4,3.1,,nähtusteta,,0.0,10.4,2018-12-19 6:00:00
Valga,-5.2,95,1031.4,-0.2,124,1.4,2.6,,uduvine,,0.0,8.0,2018-12-19 7:00:00
Valga,-5.1,95,1031.3,-0.4,117,1.1,1.9,,uduvine,,0.0,6.6,2018-12-19 8:00:00
Valga,-4.9,95,1031.6,0.0,82,1.3,2.2,,uduvine,,0.0,7.5,2018-12-19 9:00:00
Valga,-4.6,95,1031.8,0.4,72,1.5,2.4,,uduvine,,0.0,6.7,2018-12-19 10:00:00
Valga,-4.2,95,1032.0,0.7,81,1.2,2.2,,nõrk lumi,,0.0,6.9,2018-12-19 11:00:00
Valga,-3.6,93,1031.7,0.1,135,1.8,3.3,,nõrk lumi,,0.0,4.6,2018-12-19 12:00:00
Valga,-3.5,93,1031.5,-0.3,148,1.7,3.8,,nõrk lumi,,0.1,3.2,2018-12-19 13:00:00
Valga,-3.3,93,1031.1,-0.9,125,2.0,4.6,,nõrk lumi,,0.2,2.4,2018-12-19 14:00:00
Valga,-3.4,95,1030.9,-0.8,136,2.0,3.4,,nõrk lumi,,0.2,4.4,2018-12-19 15:00:00
Valga,-3.7,95,1030.8,-0.7,114,1.4,3.6,,nõrk lumi,,0.1,4.5,2018-12-19 16:00:00
Valga,-3.8,95,1030.9,-0.2,120,1.8,3.9,,nõrk lumi,,0.0,4.6,2018-12-19 17:00:00
Valga,-4.0,94,1030.8,-0.1,146,2.0,3.8,,nõrk lumi,,0.0,8.1,2018-12-19 18:00:00
Valga,-4.1,95,1030.5,-0.3,164,2.0,4.9,,nõrk lumi,,0.0,7.1,2018-12-19 19:00:00
Valga,-4.2,94,1030.4,-0.5,144,1.6,3.3,,nõrk lumi,,0.0,6.7,2018-12-19 20:00:00
Valga,-4.3,94,1030.4,-0.4,125,1.8,3.4,,nõrk hooglumi,,0.0,5.2,2018-12-19 21:00:00
Valga,-4.5,95,1030.3,-0.2,127,1.7,4.2,,nõrk lumi,,0.0,7.6,2018-12-19 22:00:00
Valga,-4.8,96,1030.6,0.2,124,1.6,4.0,,lumi,,0.0,5.2,2018-12-19 23:00:00
Valga,-5.1,95,1030.5,0.1,149,2.1,4.0,,lumi,,0.0,7.0,2018-12-20 0:00:00
Valga,-5.4,95,1030.1,-0.2,127,1.8,3.7,,uduvine,,0.0,7.1,2018-12-20 1:00:00
Valga,-5.4,95,1030.0,-0.6,143,1.4,3.6,,uduvine,,0.0,8.4,2018-12-20 2:00:00
Valga,-5.5,95,1030.0,-0.5,107,1.4,2.9,,uduvine,,0.0,6.8,2018-12-20 3:00:00
Valga,-5.8,97,1029.8,-0.3,108,1.9,3.6,,uduvine,,0.0,5.7,2018-12-20 4:00:00
Valga,-5.6,97,1029.4,-0.6,72,1.5,3.1,,uduvine,,0.0,6.5,2018-12-20 5:00:00
Valga,-5.3,96,1029.2,-0.8,68,1.5,3.3,,uduvine,,0.0,6.6,2018-12-20 6:00:00
Valga,-5.1,96,1029.0,-0.8,83,1.9,3.2,,uduvine,,0.0,6.0,2018-12-20 7:00:00
Valga,-5.0,95,1028.7,-0.7,71,1.6,3.1,,uduvine,,0.0,6.2,2018-12-20 8:00:00
Valga,-5.1,95,1028.8,-0.4,72,1.6,3.3,,uduvine,,0.0,6.2,2018-12-20 9:00:00
Valga,-5.0,95,1028.7,-0.3,85,2.2,4.2,,uduvine,,0.0,7.0,2018-12-20 10:00:00
Valga,-4.9,93,1028.7,0.0,78,1.9,3.3,,nõrk hooglumi,,0.0,6.8,2018-12-20 11:00:00
Valga,-4.8,92,1028.1,-0.7,75,2.6,4.6,,nõrk lumi,,0.0,6.3,2018-12-20 12:00:00
Valga,-4.6,93,1027.8,-0.9,85,2.0,4.3,,nõrk lumi,,0.0,5.7,2018-12-20 13:00:00
Valga,-4.6,91,1027.1,-1.6,93,3.1,5.5,,nõrk lumi,,0.0,7.8,2018-12-20 14:00:00
Valga,-4.8,90,1026.7,-1.4,97,2.7,5.9,,lumi,,0.0,11.9,2018-12-20 15:00:00
Valga,-5.2,87,1026.4,-1.4,103,3.2,5.3,,nähtusteta,,0.0,14.3,2018-12-20 16:00:00
Valga,-5.3,88,1026.1,-1.0,100,3.0,5.8,,nähtusteta,,0.0,13.0,2018-12-20 17:00:00
Valga,-5.6,85,1026.1,-0.6,110,4.7,8.2,,nähtusteta,,0.0,19.5,2018-12-20 18:00:00
Valga,-5.8,85,1025.7,-0.7,115,4.0,7.4,,nõrk lumi,,0.0,20.1,2018-12-20 19:00:00
Valga,-6.0,84,1025.5,-0.6,126,3.7,8.7,,nähtusteta,,0.0,18.5,2018-12-20 20:00:00
Valga,-6.6,87,1025.5,-0.6,150,3.6,8.6,,nõrk lumi,,0.0,18.1,2018-12-20 21:00:00
Valga,-7.0,81,1024.9,-0.8,121,3.4,7.7,,nõrk hooglumi,,0.0,20.0,2018-12-20 22:00:00
Valga,-7.1,84,1024.6,-0.9,119,3.8,7.0,,nõrk hooglumi,,0.0,17.1,2018-12-20 23:00:00
Valga,-7.4,86,1024.2,-1.3,138,4.0,8.2,,nõrk lumi,,0.0,18.9,2018-12-21 0:00:00
Valga,-7.6,86,1023.5,-1.4,124,3.2,7.4,,lumi,,0.0,21.5,2018-12-21 1:00:00
Valga,-7.7,86,1023.2,-1.4,112,3.2,5.4,,nähtusteta,,0.0,20.9,2018-12-21 2:00:00
Valga,-7.7,88,1022.8,-1.4,108,2.8,5.8,,lumi,,0.1,21.0,2018-12-21 3:00:00
Valga,-8.0,90,1022.2,-1.3,94,2.6,5.7,,nähtusteta,,0.0,15.7,2018-12-21 4:00:00
Valga,-8.1,90,1021.6,-1.6,97,2.7,5.3,,nähtusteta,,0.0,17.1,2018-12-21 5:00:00
Valga,-8.3,89,1021.1,-1.7,97,3.3,6.2,,nähtusteta,,0.0,15.8,2018-12-21 6:00:00
Valga,-8.3,89,1020.6,-1.6,107,2.6,5.5,,nähtusteta,,0.0,13.5,2018-12-21 7:00:00
Valga,-8.3,90,1020.2,-1.4,86,2.6,5.6,,nõrk lumi,,0.2,1.6,2018-12-21 8:00:00
Valga,-8.8,91,1019.8,-1.3,67,2.4,4.4,,nõrk lumi,,0.7,0.97,2018-12-21 9:00:00
Valga,-8.6,89,1019.3,-1.3,77,2.4,4.6,,nõrk lumi,,0.5,2.4,2018-12-21 10:00:00
Valga,-8.2,89,1018.7,-1.5,80,2.3,4.2,,nõrk lumi,,0.3,2.7,2018-12-21 11:00:00
Valga,-7.8,89,1018.0,-1.8,84,2.0,4.0,,nõrk lumi,,0.2,2.9,2018-12-21 12:00:00
Valga,-7.6,88,1017.3,-2.0,70,1.8,3.8,,nõrk lumi,,0.1,3.3,2018-12-21 13:00:00
Valga,-7.5,88,1016.5,-2.2,59,2.2,3.4,,nõrk lumi,,0.1,13.1,2018-12-21 14:00:00
Valga,-7.5,91,1016.1,-1.9,58,2.1,3.3,,nõrk lumi,,0.0,10.9,2018-12-21 15:00:00
Valga,-7.5,90,1015.8,-1.5,72,2.0,3.1,,nõrk lumi,,0.1,8.1,2018-12-21 16:00:00
Valga,-7.6,91,1015.4,-1.1,66,1.8,3.4,,nõrk lumi,,0.0,9.6,2018-12-21 17:00:00
Valga,-7.7,91,1015.0,-1.1,71,2.2,3.7,,nõrk lumi,,0.0,4.3,2018-12-21 18:00:00
Valga,-8.1,91,1014.5,-1.3,68,1.9,3.6,,nõrk lumi,,0.1,6.9,2018-12-21 19:00:00
Valga,-8.1,92,1014.2,-1.2,67,1.8,3.2,,nõrk lumi,,0.0,13.2,2018-12-21 20:00:00
Valga,-8.3,92,1013.5,-1.5,65,2.2,3.1,,nõrk lumi,,0.0,17.3,2018-12-21 21:00:00
Valga,-8.5,92,1012.7,-1.8,69,1.6,3.5,,lumi,,0.0,17.4,2018-12-21 22:00:00
Valga,-8.5,91,1012.4,-1.8,61,1.7,2.8,,nähtusteta,,0.0,18.3,2018-12-21 23:00:00
Valga,-8.5,92,1011.9,-1.6,67,2.1,3.6,,nõrk hooglumi,,0.0,14.5,2018-12-22 0:00:00
Valga,-8.3,92,1011.6,-1.1,66,2.0,3.6,,nõrk hooglumi,,0.0,20.0,2018-12-22 1:00:00
Valga,-8.6,91,1010.6,-1.8,64,2.2,3.8,,nõrk lumi,,0.0,15.9,2018-12-22 2:00:00
Valga,-8.7,90,1010.1,-1.8,74,2.1,3.9,,nõrk hooglumi,,0.0,25.6,2018-12-22 3:00:00
Valga,-9.0,91,1009.7,-1.9,61,2.4,3.7,,lumi,,0.0,25.7,2018-12-22 4:00:00
Valga,-8.9,90,1009.1,-1.5,71,2.6,4.8,,nähtusteta,,0.0,25.7,2018-12-22 5:00:00
Valga,-8.6,90,1008.4,-1.7,72,2.3,5.1,,nähtusteta,,0.0,19.6,2018-12-22 6:00:00
Valga,-8.5,90,1007.9,-1.8,70,3.2,5.2,,nõrk hooglumi,,0.0,20.4,2018-12-22 7:00:00
Valga,-8.1,90,1007.8,-1.3,71,3.0,5.4,,lumi,,0.0,19.6,2018-12-22 8:00:00
Valga,-7.8,89,1007.5,-0.9,65,2.9,5.3,,nõrk hooglumi,,0.0,22.8,2018-12-22 9:00:00
Valga,-7.5,90,1007.2,-0.7,66,2.7,4.8,,nõrk hooglumi,,0.0,12.1,2018-12-22 10:00:00
Valga,-7.0,90,1006.7,-1.1,70,3.1,5.2,,lumi,,0.0,14.3,2018-12-22 11:00:00
Valga,-6.6,90,1006.2,-1.3,71,2.8,5.2,,nõrk hooglumi,,0.0,14.5,2018-12-22 12:00:00
Valga,-6.4,90,1005.9,-1.3,66,3.5,5.4,,nõrk lumi,,0.1,6.6,2018-12-22 13:00:00
Valga,-6.1,91,1005.6,-1.1,64,2.7,6.1,,nõrk lumi,,0.0,8.3,2018-12-22 14:00:00
Valga,-5.9,89,1005.5,-0.7,66,3.7,7.3,,nõrk lumi,,0.0,13.6,2018-12-22 15:00:00
Valga,-5.9,93,1005.4,-0.5,62,3.0,6.6,,nõrk lumi,,0.4,3.2,2018-12-22 16:00:00
Valga,-5.8,92,1005.4,-0.2,61,3.1,5.8,,lumi,,0.0,13.9,2018-12-22 17:00:00
Valga,-5.8,91,1005.4,-0.1,60,3.5,6.4,,nähtusteta,,0.0,13.7,2018-12-22 18:00:00
Valga,-5.8,92,1005.7,0.3,62,2.9,5.9,,nähtusteta,,0.0,12.3,2018-12-22 19:00:00
Valga,-5.6,93,1005.7,0.3,56,2.6,5.2,,nähtusteta,,0.0,10.7,2018-12-22 20:00:00
Valga,-5.6,91,1005.6,0.2,46,2.8,4.8,,nõrk hooglumi,,0.1,9.7,2018-12-22 21:00:00
Valga,-5.5,91,1005.8,0.1,33,2.3,4.6,,nõrk lumi,,0.1,15.1,2018-12-22 22:00:00
Valga,-5.4,92,1006.0,0.3,34,2.1,3.9,,uduvine,,0.0,5.3,2018-12-22 23:00:00
Valga,-5.4,91,1006.1,0.5,34,2.5,4.4,,nõrk hooglumi,,0.0,3.5,2018-12-23 0:00:00
Valga,-5.5,91,1006.1,0.3,25,2.0,4.6,,nõrk lumi,,0.1,13.0,2018-12-23 1:00:00
Valga,-5.6,91,1006.3,0.3,29,2.2,3.7,,nõrk hooglumi,,0.0,10.9,2018-12-23 2:00:00
Valga,-5.7,92,1006.6,0.5,21,1.7,3.4,,nõrk lumi,,0.0,2.8,2018-12-23 3:00:00
Valga,-5.8,91,1006.7,0.6,7,1.7,3.1,,lumi,,0.0,16.7,2018-12-23 4:00:00
Valga,-5.8,90,1006.8,0.5,11,1.7,3.8,,nähtusteta,,0.0,19.3,2018-12-23 5:00:00
Valga,-5.8,90,1006.9,0.3,6,1.1,2.6,,nähtusteta,,0.0,19.2,2018-12-23 6:00:00
Valga,-6.0,91,1007.2,0.5,306,1.2,2.3,,nõrk lumi,,0.0,12.9,2018-12-23 7:00:00
Valga,-6.0,91,1007.5,0.7,343,1.1,2.6,,lumi,,0.0,16.8,2018-12-23 8:00:00
Valga,-6.3,91,1007.9,1.0,323,1.8,3.5,,lumi,,0.0,15.3,2018-12-23 9:00:00
Valga,-6.3,89,1008.0,0.8,15,1.4,4.1,,nähtusteta,,0.0,15.0,2018-12-23 10:00:00
Valga,-6.1,89,1008.3,0.8,346,1.1,2.0,,nõrk lumi,,0.0,4.2,2018-12-23 11:00:00
Valga,-6.0,88,1008.3,0.4,330,1.5,2.9,,nõrk lumi,,0.0,7.2,2018-12-23 12:00:00
Valga,-5.5,86,1008.2,0.2,339,2.1,4.2,,nõrk lumi,,0.0,9.9,2018-12-23 13:00:00
Valga,-5.6,88,1008.4,0.1,339,1.5,3.8,,nõrk hooglumi,,0.0,2.7,2018-12-23 14:00:00
Valga,-5.8,88,1008.2,-0.1,349,1.6,3.3,,nõrk hooglumi,,0.1,16.0,2018-12-23 15:00:00
Valga,-5.9,88,1008.3,0.1,335,1.6,3.0,,nähtusteta,,0.0,15.3,2018-12-23 16:00:00
Valga,-6.2,89,1008.3,-0.1,316,1.0,2.9,,nähtusteta,,0.0,16.1,2018-12-23 17:00:00
Valga,-6.1,90,1008.1,-0.1,296,1.3,2.4,,nõrk hooglumi,,0.0,13.7,2018-12-23 18:00:00
Valga,-6.0,91,1008.1,-0.2,277,1.5,2.5,,nõrk hooglumi,,0.0,9.0,2018-12-23 19:00:00
Valga,-5.9,92,1007.7,-0.6,285,1.7,2.8,,nõrk lumi,,0.0,10.5,2018-12-23 20:00:00
Valga,-5.8,92,1007.5,-0.6,275,2.2,3.3,,nõrk hooglumi,,0.0,10.2,2018-12-23 21:00:00
Valga,-5.6,93,1007.4,-0.7,277,0.9,3.2,,nõrk hooglumi,,0.0,2.5,2018-12-23 22:00:00
Valga,-5.4,93,1007.4,-0.3,273,1.2,2.3,,nõrk lumi,,0.3,2.8,2018-12-23 23:00:00
Valga,-5.3,93,1007.2,-0.3,272,0.9,2.2,,nõrk lumi,,0.3,5.7,2018-12-24 0:00:00
Valga,-5.0,95,1007.0,-0.4,283,0.8,1.8,,nõrk lumi,,0.3,2.4,2018-12-24 1:00:00
Valga,-4.6,95,1006.9,-0.5,304,0.8,1.5,,nõrk lumi,,0.4,2.6,2018-12-24 2:00:00
Valga,-4.4,93,1006.9,-0.3,357,1.1,2.2,,nõrk lumi,,0.4,10.0,2018-12-24 3:00:00
Valga,-4.3,92,1006.9,-0.1,9,1.8,3.8,,nõrk lumi,,0.1,4.3,2018-12-24 4:00:00
Valga,-4.6,92,1007.0,0.1,10,2.2,4.2,,nõrk lumi,,0.2,3.5,2018-12-24 5:00:00
Valga,-4.7,92,1007.3,0.4,21,1.9,4.1,,nõrk lumi,,0.2,4.1,2018-12-24 6:00:00
Valga,-4.5,92,1007.9,1.0,22,2.6,4.3,,nõrk lumi,,0.0,12.0,2018-12-24 7:00:00
Valga,-4.8,92,1008.5,1.5,13,2.0,4.1,,nõrk lumi,,0.0,12.2,2018-12-24 8:00:00
Valga,-4.7,90,1009.0,1.7,9,2.3,5.6,,nähtusteta,,0.0,14.0,2018-12-24 9:00:00
Valga,-4.6,92,1009.7,1.8,19,2.5,4.6,,nõrk lumi,,0.0,12.1,2018-12-24 10:00:00
Valga,-4.4,91,1010.5,2.0,19,2.5,4.8,,nõrk hooglumi,,0.0,11.1,2018-12-24 11:00:00
Valga,-4.3,89,1010.9,1.9,31,2.9,5.3,,nõrk hooglumi,,0.0,14.3,2018-12-24 12:00:00
Valga,-4.4,87,1011.4,1.7,30,2.7,5.6,,nõrk lumi,,0.0,11.6,2018-12-24 13:00:00
Valga,-4.9,89,1012.2,1.7,22,2.5,6.2,,nõrk lumi,,0.0,5.0,2018-12-24 14:00:00
Valga,-5.0,90,1012.8,1.9,16,2.6,6.1,,nõrk hooglumi,,0.0,8.1,2018-12-24 15:00:00
Valga,-5.1,93,1013.4,2.0,8,2.6,5.1,,nähtusteta,,0.0,11.8,2018-12-24 16:00:00
Valga,-5.1,92,1014.1,1.9,40,3.3,6.3,,nähtusteta,,0.0,15.6,2018-12-24 17:00:00
Valga,-5.3,93,1014.5,1.7,28,2.9,5.4,,nähtusteta,,0.0,16.1,2018-12-24 18:00:00
Valga,-5.3,93,1015.2,1.8,13,1.4,4.0,,nähtusteta,,0.0,16.1,2018-12-24 19:00:00
Valga,-5.3,94,1015.7,1.6,12,1.2,2.8,,nähtusteta,,0.0,12.6,2018-12-24 20:00:00
Valga,-5.3,94,1016.4,1.9,319,1.0,2.5,,nähtusteta,,0.0,10.0,2018-12-24 21:00:00
Valga,-5.3,95,1016.7,1.5,326,0.8,2.8,,uduvine,,0.0,8.6,2018-12-24 22:00:00
Valga,-5.4,95,1016.7,1.0,291,0.8,2.1,,uduvine,,0.0,8.1,2018-12-24 23:00:00
Valga,-5.4,94,1017.1,0.7,252,1.3,2.0,,uduvine,,0.0,9.8,2018-12-25 0:00:00
Valga,-5.2,94,1017.2,0.5,240,1.3,2.6,,uduvine,,0.0,8.1,2018-12-25 1:00:00
Valga,-5.3,95,1016.9,0.2,222,1.7,2.5,,uduvine,,0.0,7.9,2018-12-25 2:00:00
Valga,-5.2,96,1016.6,-0.5,220,1.5,2.5,,uduvine,,0.0,6.6,2018-12-25 3:00:00
Valga,-5.1,96,1016.5,-0.7,243,1.6,3.4,,uduvine,,0.0,5.3,2018-12-25 4:00:00
Valga,-4.8,97,1016.0,-0.9,225,1.6,3.3,,udu,,0.0,0.74,2018-12-25 5:00:00
Valga,-4.5,97,1015.7,-0.9,225,1.9,3.9,,udu,,0.0,4.9,2018-12-25 6:00:00
Valga,-4.2,96,1015.8,-0.7,224,1.7,3.3,,uduvine,,0.0,3.7,2018-12-25 7:00:00
Valga,-4.4,97,1015.5,-0.5,203,2.5,3.7,,uduvine,,0.0,2.8,2018-12-25 8:00:00
Valga,-4.4,98,1015.0,-0.7,204,2.6,3.7,,uduvine,,0.0,3.1,2018-12-25 9:00:00
Valga,-4.0,95,1014.5,-1.3,200,2.6,4.3,,uduvine,,0.0,8.7,2018-12-25 10:00:00
Valga,-3.4,94,1014.3,-1.2,203,2.7,4.5,,nähtusteta,,0.0,15.4,2018-12-25 11:00:00
Valga,-2.7,91,1013.8,-1.2,214,3.4,5.1,,nähtusteta,,0.0,22.1,2018-12-25 12:00:00
Valga,-2.3,88,1013.4,-1.1,208,3.7,6.3,,nähtusteta,,0.0,23.4,2018-12-25 13:00:00
Valga,-2.1,87,1012.4,-1.9,203,3.5,5.5,,nähtusteta,,0.0,24.1,2018-12-25 14:00:00
Valga,-1.8,87,1011.7,-2.1,208,4.0,6.7,,nähtusteta,,0.0,21.1,2018-12-25 15:00:00
Valga,-1.7,89,1011.1,-2.3,205,4.1,6.9,,nähtusteta,,0.0,11.4,2018-12-25 16:00:00
Valga,-1.6,93,1010.6,-1.8,221,3.5,7.1,,jäätuv uduvihm,,0.0,3.0,2018-12-25 17:00:00
Valga,-1.3,91,1010.3,-1.4,225,4.4,7.9,,lumi,,0.0,16.9,2018-12-25 18:00:00
Valga,-1.3,94,1009.4,-1.7,221,4.2,8.7,,lumi,,0.0,19.1,2018-12-25 19:00:00
Valga,-1.0,94,1008.5,-2.1,228,4.3,7.9,,nähtusteta,,0.0,8.5,2018-12-25 20:00:00
Valga,-0.8,96,1007.6,-2.7,234,4.4,8.5,,nõrk hooglumi,,0.0,7.4,2018-12-25 21:00:00
Valga,-0.5,99,1006.5,-2.9,237,4.4,8.7,,nõrk lumi,,0.0,2.7,2018-12-25 22:00:00
Valga,-0.1,99,1005.6,-2.9,238,4.5,8.7,,nõrk lumi,,0.3,3.7,2018-12-25 23:00:00
Valga,0.4,99,1004.7,-2.9,239,3.7,9.2,,nõrk lumi,,0.2,3.2,2018-12-26 0:00:00
Valga,0.6,98,1003.6,-2.9,244,3.9,8.5,,nõrk lumi,,1.0,6.0,2018-12-26 1:00:00
Valga,0.9,98,1002.7,-2.9,241,3.3,8.1,,nõrk lumi,,0.6,6.7,2018-12-26 2:00:00
Valga,2.0,97,1002.2,-2.5,263,3.2,5.9,,nõrk hoogvihm,,0.4,14.4,2018-12-26 3:00:00
Valga,2.0,95,1002.0,-1.6,285,3.6,6.1,,vihm,,0.1,35.0,2018-12-26 4:00:00
Valga,1.6,94,1002.3,-0.4,285,3.3,7.3,,nähtusteta,,0.0,35.0,2018-12-26 5:00:00
Valga,1.2,92,1002.2,0.0,282,3.4,7.5,,nähtusteta,,0.0,35.0,2018-12-26 6:00:00
Valga,0.6,93,1002.6,0.6,272,3.3,5.4,,nähtusteta,,0.0,35.0,2018-12-26 7:00:00
Valga,0.7,92,1002.8,0.5,282,3.4,8.0,,nähtusteta,,0.0,35.0,2018-12-26 8:00:00
Valga,0.3,94,1003.1,0.9,278,3.7,6.1,,nähtusteta,,0.0,35.0,2018-12-26 9:00:00
Valga,0.4,93,1003.2,0.6,284,2.9,5.8,,nähtusteta,,0.0,35.0,2018-12-26 10:00:00
Valga,1.1,92,1003.6,0.8,295,3.7,6.4,,nõrk lumi,,0.0,28.8,2018-12-26 11:00:00
Valga,1.7,92,1003.6,0.5,301,3.7,8.0,,lumi,,0.0,35.0,2018-12-26 12:00:00
Valga,1.4,92,1004.3,1.1,317,2.8,7.3,,nõrk hoogvihm,,0.0,33.1,2018-12-26 13:00:00
Valga,1.8,85,1005.3,1.7,344,4.2,9.1,,nähtusteta,,0.0,35.0,2018-12-26 14:00:00
Valga,1.3,89,1006.3,2.7,325,3.6,8.6,,vihm,,0.0,35.0,2018-12-26 15:00:00
Valga,0.9,91,1007.6,3.3,334,2.7,8.5,,nõrk hooglumi,,0.0,26.1,2018-12-26 16:00:00
Valga,0.4,91,1008.3,3.0,305,2.3,5.5,,nõrk vihm,,0.0,35.0,2018-12-26 17:00:00
Valga,0.5,89,1009.2,2.9,311,2.6,6.4,,nõrk hooglumi,,0.0,35.0,2018-12-26 18:00:00
Valga,0.1,89,1009.5,1.9,310,2.1,4.7,,nähtusteta,,0.0,35.0,2018-12-26 19:00:00
Valga,0.4,84,1010.1,1.8,306,3.3,6.3,,nähtusteta,,0.0,35.0,2018-12-26 20:00:00
Valga,0.3,86,1010.5,1.3,299,2.7,6.8,,nähtusteta,,0.0,35.0,2018-12-26 21:00:00
Valga,0.2,85,1010.8,1.3,309,2.2,5.4,,nähtusteta,,0.0,35.0,2018-12-26 22:00:00
Valga,0.3,85,1011.2,1.1,298,2.3,6.0,,nähtusteta,,0.0,35.0,2018-12-26 23:00:00
Valga,0.4,85,1011.6,1.1,312,2.2,6.0,,nähtusteta,,0.0,35.0,2018-12-27 0:00:00
Valga,0.4,84,1011.9,1.1,325,3.2,8.6,,nähtusteta,,0.0,35.0,2018-12-27 1:00:00
Valga,-0.1,88,1012.0,0.8,314,1.1,5.8,,nähtusteta,,0.0,35.0,2018-12-27 2:00:00
Valga,-0.3,88,1012.1,0.5,305,0.8,5.1,,nähtusteta,,0.0,35.0,2018-12-27 3:00:00
Valga,-0.3,88,1012.1,0.2,302,1.2,3.4,,nähtusteta,,0.0,35.0,2018-12-27 4:00:00
Valga,-0.3,90,1012.1,0.1,277,1.6,3.5,,nähtusteta,,0.0,35.0,2018-12-27 5:00:00
Valga,-0.2,90,1012.0,-0.1,292,0.7,2.9,,nähtusteta,,0.0,35.0,2018-12-27 6:00:00
Valga,0.0,92,1012.0,-0.1,214,0.7,1.6,,nähtusteta,,0.0,33.1,2018-12-27 7:00:00
Valga,-0.3,94,1011.9,-0.2,216,1.2,1.7,,nähtusteta,,0.0,15.5,2018-12-27 8:00:00
Valga,-0.1,95,1011.8,-0.2,196,1.1,2.2,,nähtusteta,,0.0,13.3,2018-12-27 9:00:00
Valga,0.5,93,1011.9,-0.1,224,1.5,2.4,,nähtusteta,,0.0,14.7,2018-12-27 10:00:00
Valga,0.4,96,1011.6,-0.3,221,1.4,2.9,,uduvine,,0.0,9.2,2018-12-27 11:00:00
Valga,0.9,96,1011.0,-0.8,223,1.3,2.6,,uduvine,,0.0,4.3,2018-12-27 12:00:00
Valga,1.3,97,1010.6,-1.3,229,1.4,3.2,,uduvine,,0.0,9.0,2018-12-27 13:00:00
Valga,1.2,99,1010.3,-1.3,221,1.4,2.9,,nõrk vihm,,0.0,2.7,2018-12-27 14:00:00
Valga,1.2,99,1010.0,-1.0,198,1.4,2.4,,vihm,,0.2,3.4,2018-12-27 15:00:00
Valga,1.1,99,1009.6,-1.0,204,1.6,2.7,,nõrk hoogvihm,,0.1,4.3,2018-12-27 16:00:00
Valga,1.1,99,1009.3,-1.0,204,1.5,2.5,,uduvine,,0.0,4.5,2018-12-27 17:00:00
Valga,1.2,99,1009.0,-1.0,211,2.4,3.9,,uduvine,,0.0,7.0,2018-12-27 18:00:00
Valga,1.2,100,1008.5,-1.1,223,1.9,3.5,,udu,,0.0,0.3,2018-12-27 19:00:00
Valga,1.2,100,1008.2,-1.1,225,1.9,3.1,,udu,,0.0,0.3,2018-12-27 20:00:00
Valga,1.2,100,1008.0,-1.0,219,1.5,3.1,,nõrk vihm,,0.0,0.59,2018-12-27 21:00:00
Valga,1.0,100,1007.8,-0.7,219,1.5,2.6,,udu,,0.1,0.59,2018-12-27 22:00:00
Valga,1.3,99,1007.5,-0.7,236,1.3,2.6,,udu,,0.0,0.98,2018-12-27 23:00:00
Valga,1.2,100,1007.4,-0.6,250,1.3,2.7,,udu,,0.0,0.29,2018-12-28 0:00:00
Valga,1.0,100,1007.4,-0.4,282,1.4,2.7,,nõrk vihm,,0.1,0.66,2018-12-28 1:00:00
Valga,0.9,100,1007.6,0.1,277,1.1,1.8,,sademed,,0.1,0.85,2018-12-28 2:00:00
Valga,0.7,100,1007.6,0.2,336,0.7,2.2,,uduvine,,0.0,5.7,2018-12-28 3:00:00
Valga,0.6,100,1007.8,0.4,297,1.1,1.7,,nõrk hoogvihm,,0.0,4.4,2018-12-28 4:00:00
Valga,0.7,100,1008.0,0.4,335,1.1,1.9,,nõrk hoogvihm,,0.0,3.2,2018-12-28 5:00:00
Valga,0.5,98,1008.4,0.8,354,1.7,3.2,,sademed,,0.1,35.0,2018-12-28 6:00:00
Valga,0.3,98,1008.9,1.1,332,0.7,3.4,,nähtusteta,,0.0,10.7,2018-12-28 7:00:00
Valga,-0.1,98,1009.5,1.5,4,1.8,4.2,,nähtusteta,,0.0,32.3,2018-12-28 8:00:00
Valga,0.0,99,1010.3,1.9,303,1.0,2.8,,uduvine,,0.0,12.0,2018-12-28 9:00:00
Valga,0.3,99,1011.0,2.1,311,1.5,2.6,,uduvihm,,0.0,8.6,2018-12-28 10:00:00
Valga,0.5,98,1011.7,2.2,327,1.6,3.4,,vihm,,0.0,7.3,2018-12-28 11:00:00
Valga,0.8,97,1011.9,1.6,339,1.3,3.6,,nähtusteta,,0.0,35.0,2018-12-28 12:00:00
Valga,1.0,91,1012.3,1.3,323,1.1,3.5,,nähtusteta,,0.0,35.0,2018-12-28 13:00:00
Valga,1.0,94,1012.6,0.9,292,0.7,2.8,,nähtusteta,,0.0,35.0,2018-12-28 14:00:00
Valga,1.0,93,1013.2,1.3,300,1.2,3.5,,nähtusteta,,0.0,35.0,2018-12-28 15:00:00
Valga,0.7,96,1013.8,1.5,295,1.4,3.3,,nähtusteta,,0.0,35.0,2018-12-28 16:00:00
Valga,0.4,97,1014.2,1.6,273,2.1,3.8,,nähtusteta,,0.0,17.8,2018-12-28 17:00:00
Valga,0.1,98,1014.8,1.6,269,2.2,4.1,,udu,,0.0,10.6,2018-12-28 18:00:00
Valga,0.1,100,1014.8,1.0,229,2.5,3.6,,udu,,0.0,0.5,2018-12-28 19:00:00
Valga,0.2,100,1015.3,1.1,234,1.7,3.6,,udu,,0.0,0.78,2018-12-28 20:00:00
Valga,0.3,100,1015.6,0.8,232,1.5,3.0,,udu,,0.0,0.78,2018-12-28 21:00:00
Valga,0.4,99,1015.9,1.1,243,1.0,2.6,,udu,,0.0,1.1,2018-12-28 22:00:00
Valga,0.5,100,1016.1,0.8,232,1.4,2.4,,uduvine,,0.0,2.8,2018-12-28 23:00:00
Valga,0.4,99,1016.1,0.5,274,1.3,2.9,,uduvine,,0.0,2.7,2018-12-29 0:00:00
Valga,0.8,98,1016.2,0.3,263,1.4,3.0,,uduvine,,0.0,6.6,2018-12-29 1:00:00
Valga,0.8,96,1016.5,0.4,283,2.0,4.1,,nähtusteta,,0.0,16.6,2018-12-29 2:00:00
Valga,0.7,96,1016.8,0.7,306,1.8,3.2,,sademed,,0.0,31.5,2018-12-29 3:00:00
Valga,0.6,97,1017.1,0.9,274,1.9,3.3,,nähtusteta,,0.0,6.0,2018-12-29 4:00:00
Valga,0.3,97,1016.9,0.4,270,1.6,3.3,,uduvine,,0.0,4.7,2018-12-29 5:00:00
Valga,-0.2,98,1017.3,0.5,296,1.6,3.9,,nõrk hoogvihm,,0.0,3.4,2018-12-29 6:00:00
Valga,-0.3,95,1017.5,0.4,269,3.0,5.2,,sademed,,0.0,20.4,2018-12-29 7:00:00
Valga,-0.2,96,1017.3,0.4,241,1.7,4.1,,uduvine,,0.0,8.2,2018-12-29 8:00:00
Valga,-0.4,98,1017.4,0.1,268,1.8,4.9,,uduvine,,0.0,6.1,2018-12-29 9:00:00
Valga,-0.6,95,1017.7,0.2,254,2.7,5.1,,nõrk lumi,,0.0,2.4,2018-12-29 10:00:00
Valga,-0.6,96,1017.8,0.5,240,1.3,5.2,,nõrk hooglumi,,0.0,1.6,2018-12-29 11:00:00
Valga,-0.2,97,1017.3,-0.1,244,1.5,3.5,,lumi,,0.0,3.8,2018-12-29 12:00:00
Valga,-0.1,99,1016.7,-1.0,209,1.5,5.1,,uduvine,,0.0,2.2,2018-12-29 13:00:00
Valga,0.2,99,1016.3,-1.5,213,2.0,3.5,,uduvine,,0.0,4.0,2018-12-29 14:00:00
Valga,0.4,98,1016.1,-1.2,202,1.5,2.9,,uduvine,,0.0,10.9,2018-12-29 15:00:00
Valga,0.7,97,1015.8,-0.9,220,2.2,3.4,,uduvine,,0.0,11.5,2018-12-29 16:00:00
Valga,1.2,94,1016.0,-0.3,242,1.6,3.7,,nähtusteta,,0.0,19.8,2018-12-29 17:00:00
Valga,1.2,96,1015.7,-0.4,229,1.8,3.4,,uduvine,,0.0,12.7,2018-12-29 18:00:00
Valga,1.0,98,1015.3,-0.5,214,2.6,4.2,,uduvine,,0.0,4.1,2018-12-29 19:00:00
Valga,1.1,95,1014.9,-1.1,243,3.1,6.7,,uduvine,,0.0,7.4,2018-12-29 20:00:00
Valga,0.7,97,1014.8,-0.9,253,2.9,6.9,,nõrk hoogvihm,,0.0,7.4,2018-12-29 21:00:00
Valga,0.7,97,1014.7,-0.6,242,2.5,5.9,,nõrk hoogvihm,,0.0,8.4,2018-12-29 22:00:00
Valga,0.5,98,1014.7,-0.2,225,1.9,4.7,,nõrk hoogvihm,,0.0,2.0,2018-12-29 23:00:00
Valga,0.2,99,1014.3,-0.5,202,2.4,3.7,,nõrk hoogvihm,,0.0,3.9,2018-12-30 0:00:00
Valga,0.3,98,1014.1,-0.6,212,1.9,3.8,,sademed,,0.0,15.1,2018-12-30 1:00:00
Valga,0.3,98,1013.9,-0.8,213,1.6,3.2,,uduvine,,0.0,9.3,2018-12-30 2:00:00
Valga,0.6,98,1013.6,-0.7,220,1.2,2.1,,sademed,,0.0,10.4,2018-12-30 3:00:00
Valga,0.8,96,1013.7,-0.4,245,1.2,3.0,,nähtusteta,,0.0,13.2,2018-12-30 4:00:00
Valga,0.6,98,1013.4,-0.5,236,1.2,3.1,,uduvine,,0.0,3.2,2018-12-30 5:00:00
Valga,0.3,99,1013.6,0.0,215,1.2,3.1,,uduvine,,0.0,2.3,2018-12-30 6:00:00
Valga,0.6,99,1013.9,0.2,255,0.8,2.1,,uduvine,,0.0,3.2,2018-12-30 7:00:00
Valga,0.3,99,1014.3,0.9,315,1.2,2.2,,uduvine,,0.0,7.0,2018-12-30 8:00:00
Valga,0.1,98,1014.4,0.8,353,1.4,2.7,,nähtusteta,,0.0,35.0,2018-12-30 9:00:00
Valga,-0.4,98,1014.9,1.0,348,1.5,3.6,,nähtusteta,,0.0,14.9,2018-12-30 10:00:00
Valga,-1.0,100,1015.3,1.0,11,1.0,2.4,,udu,,0.0,0.78,2018-12-30 11:00:00
Valga,-0.7,100,1015.7,1.3,54,1.3,3.3,,udu,,0.0,1.0,2018-12-30 12:00:00
Valga,-0.3,97,1015.6,0.7,353,1.3,2.6,,udu,,0.0,20.1,2018-12-30 13:00:00
Valga,-0.3,94,1015.8,0.5,344,1.1,2.5,,nähtusteta,,0.0,35.0,2018-12-30 14:00:00
Valga,-0.6,92,1016.2,0.5,46,1.2,2.0,,nähtusteta,,0.0,35.0,2018-12-30 15:00:00
Valga,-0.5,91,1016.5,0.9,70,0.6,1.9,,nähtusteta,,0.0,35.0,2018-12-30 16:00:00
Valga,-0.7,96,1017.0,1.2,43,0.9,1.5,,nähtusteta,,0.0,15.4,2018-12-30 17:00:00
Valga,-0.5,93,1017.5,1.3,22,1.6,2.7,,nähtusteta,,0.0,35.0,2018-12-30 18:00:00
Valga,-0.2,92,1017.7,1.2,204,0.8,2.3,,nähtusteta,,0.0,28.4,2018-12-30 19:00:00
Valga,-0.1,92,1018.0,1.0,226,1.5,2.1,,uduvine,,0.0,8.5,2018-12-30 20:00:00
Valga,-0.3,94,1018.2,0.7,248,0.9,1.9,,nähtusteta,,0.0,15.0,2018-12-30 21:00:00
Valga,-0.5,96,1018.4,0.7,279,0.8,1.6,,nähtusteta,,0.0,14.9,2018-12-30 22:00:00
Valga,-0.5,97,1018.6,0.6,295,1.3,1.8,,nähtusteta,,0.0,18.3,2018-12-30 23:00:00
Valga,-0.4,97,1019.0,0.8,277,0.9,1.5,,nähtusteta,,0.0,11.5,2018-12-31 0:00:00
Valga,-0.4,99,1019.4,1.0,277,1.2,1.5,,uduvine,,0.0,6.0,2018-12-31 1:00:00
Valga,-0.3,100,1019.9,1.3,306,0.6,1.7,,uduvine,,0.0,3.9,2018-12-31 2:00:00
Valga,-0.1,97,1020.3,1.3,3,1.7,3.1,,nõrk vihm koos lumega,,0.0,10.3,2018-12-31 3:00:00
Valga,-0.4,98,1020.7,1.3,348,2.1,3.1,,nõrk hoogvihm,,0.0,4.0,2018-12-31 4:00:00
Valga,-0.3,94,1021.1,1.2,11,1.4,3.4,,sademed,,0.0,25.4,2018-12-31 5:00:00
Valga,-0.5,96,1021.8,1.5,356,1.5,3.1,,nähtusteta,,0.0,24.4,2018-12-31 6:00:00
Valga,-0.4,97,1022.1,1.4,2,2.6,4.4,,nähtusteta,,0.0,30.4,2018-12-31 7:00:00
Valga,-0.3,97,1023.0,1.9,350,1.7,4.5,,nähtusteta,,0.0,15.3,2018-12-31 8:00:00
Valga,-0.3,96,1024.0,2.2,345,1.5,3.2,,nähtusteta,,0.0,24.3,2018-12-31 9:00:00
Valga,-0.1,95,1024.2,2.1,20,1.5,3.3,,nähtusteta,,0.0,22.6,2018-12-31 10:00:00
Valga,0.0,94,1024.6,1.6,16,1.2,2.2,,nähtusteta,,0.0,23.6,2018-12-31 11:00:00
Valga,0.2,89,1024.5,0.5,360,2.1,3.6,,nähtusteta,,0.0,27.7,2018-12-31 12:00:00
Valga,0.2,90,1024.3,0.1,44,1.3,2.6,,nähtusteta,,0.0,21.4,2018-12-31 13:00:00
Valga,0.2,89,1024.4,-0.2,54,0.7,2.2,,nähtusteta,,0.0,20.4,2018-12-31 14:00:00
Valga,0.2,90,1024.3,-0.2,124,0.2,1.2,,nähtusteta,,0.0,17.6,2018-12-31 15:00:00
Valga,-0.4,96,1024.1,-0.2,210,1.5,2.5,,vihm,,0.0,9.6,2018-12-31 16:00:00
Valga,-0.2,96,1023.8,-0.6,218,1.6,2.5,,nõrk hoogvihm,,0.0,5.5,2018-12-31 17:00:00
Valga,-0.5,95,1022.9,-1.4,196,2.2,4.1,,nõrk hooglumi,,0.0,8.3,2018-12-31 18:00:00
Valga,-0.5,95,1022.6,-1.5,201,2.9,4.8,,nähtusteta,,0.0,17.4,2018-12-31 19:00:00
Valga,-0.8,86,1021.9,-1.9,203,3.6,6.3,,nähtusteta,,0.0,35.0,2018-12-31 20:00:00
Valga,-1.1,87,1020.5,-2.4,202,3.1,6.3,,nähtusteta,,0.0,35.0,2018-12-31 21:00:00
Valga,-1.1,88,1018.6,-4.0,201,4.0,7.2,,nähtusteta,,0.0,35.0,2018-12-31 22:00:00
Valga,-0.9,88,1017.0,-4.9,216,4.4,8.7,,nähtusteta,,0.0,35.0,2018-12-31 23:00:00
